"h","target_date","forecast_0.01","forecast_0.025","forecast_0.05","forecast_0.1","forecast_0.15","forecast_0.2","forecast_0.25","forecast_0.3","forecast_0.35","forecast_0.4","forecast_0.45","forecast_0.5","forecast_0.55","forecast_0.6","forecast_0.65","forecast_0.7","forecast_0.75","forecast_0.8","forecast_0.85","forecast_0.9","forecast_0.95","forecast_0.975","forecast_0.99"
1,"2020-06-13",4192.586,4386.786,4592.841,4819.627,4974.224,5124.842,5248.872,5358.66,5472.227,5565.828,5654.5,5773.726,5880.154,6010.892,6137.567,6256.264,6379.734,6510.538,6682.964,6901.637,7219.749,7564.238,7876.356
2,"2020-06-20",3717.986,3893.135,4125.764,4380.738,4570.167,4730.929,4863.553,4994.23,5116.02,5255.832,5368.395,5504.412,5618.759,5756.053,5884.392,6033.13,6215.612,6390.15,6610.4,6882.833,7283.32,7693.32,8095.933
3,"2020-06-27",3234.789,3437.399,3666.111,3925.982,4157.407,4318.888,4462.15,4643.284,4804.344,4934.808,5081.569,5263.045,5400.559,5580.888,5746.333,5946.276,6140.285,6416.895,6671.974,7004.987,7504.317,7957.273,8472.924
4,"2020-07-04",2958.7,3151.453,3378.395,3632.215,3858.404,4079.62,4246.639,4442.721,4634.655,4783.544,4978.59,5169.654,5386.149,5565.924,5770.706,6027.754,6276.596,6610.183,6931.294,7304.974,7926.817,8526.878,9234.056
1,"2020-06-20",3552.443,3702.652,3904.707,4109.554,4256.332,4365.428,4467.726,4561.046,4651.148,4735.769,4815.083,4890.468,4984.828,5058.338,5139.079,5257.636,5382.494,5483.795,5643.787,5814.741,6054.048,6302.482,6509.418
2,"2020-06-27",3143.271,3340.465,3552.218,3801.158,3976.372,4102.685,4226.584,4337.783,4449.41,4564.762,4675.989,4784.259,4905.479,5033.092,5138.515,5282.607,5410.217,5567.255,5761.062,6048.369,6355.891,6665.632,6986.693
3,"2020-07-04",2774.284,2952.694,3180.379,3459.011,3621.137,3771.326,3901.783,4015.298,4133.064,4247.806,4379.015,4502.032,4634.762,4769.04,4934.378,5124.802,5320.581,5519.373,5767.522,6110.041,6559.469,6958.686,7392.94
4,"2020-07-11",2548.856,2721.472,2935.917,3178.79,3374.14,3561.555,3700.341,3874.576,3998.069,4125.476,4276.519,4415.331,4612.46,4754.787,4930.837,5121.109,5355.751,5627.126,5974.594,6331.509,6918.065,7473.865,8185.739
4,"2020-07-18",1892.473,2020.397,2206.78,2465.521,2673.778,2838.889,2982.429,3132.31,3269.887,3389.148,3531.363,3687.153,3834.841,3996.907,4149.323,4336.442,4547.934,4841.635,5115.881,5478.399,6120.719,6736.221,7545.989
3,"2020-07-11",2181.74,2342.482,2510.724,2730.32,2904.456,3084.226,3214.456,3339.424,3469.107,3602.572,3721.485,3843.471,3973.976,4111.905,4245.996,4388.793,4551.283,4758.629,4968.356,5266.693,5786.144,6163.428,6703.174
2,"2020-07-04",2481.774,2643.57,2801.664,2998.618,3153.183,3292.895,3410.692,3518.556,3633.08,3747.696,3852.218,3955.999,4068.44,4185.482,4308.911,4428.725,4549.136,4696.354,4885.876,5117.008,5427.165,5759.855,6160.425
1,"2020-06-27",2679.984,2809.02,2957.335,3143.216,3282.84,3403.546,3510.516,3595.095,3680.313,3756.569,3832.658,3912.871,3988.674,4078.218,4185.583,4278.005,4372.663,4502.696,4670.233,4836.243,5086.355,5258.269,5451.285
4,"2020-07-25",2681.256,2848.54,3036.777,3326.342,3591.005,3810.769,4036.837,4251.747,4546.12,4744.456,5058.248,5278.809,5516.561,5851.024,6096.749,6395.407,6688.025,7152.866,7571.486,8109.266,8910.981,9704.945,10941.1
3,"2020-07-18",2621.945,2799.984,3032.528,3358.023,3591.773,3797.291,3990.197,4181.597,4468.699,4634.354,4859.256,5033.458,5202.256,5389.473,5590.385,5783.276,6005.437,6282.515,6578.427,6944.782,7491.937,8124.26,8782.406
2,"2020-07-11",2845.187,3028.896,3220.824,3480.524,3689.596,3864.271,4024.557,4168.004,4414.231,4547.432,4695.413,4834.059,4956.97,5094.355,5228.584,5358.542,5505.062,5697.485,5907.12,6170.491,6550.096,6928.802,7431.928
1,"2020-07-04",2864.782,3055.086,3232.894,3456.243,3593.509,3733.216,3856.736,3972.867,4134.822,4232.108,4333.976,4435.085,4525.696,4629.095,4731.939,4844.121,4953.598,5064.011,5218.76,5402.404,5682.153,5914.081,6192.019
4,"2020-08-01",1945.098,2185.045,2438.354,2772.741,3029.671,3259.548,3449.451,3635.41,3802.983,3980.888,4150.612,4320.884,4501.07,4692.072,4892.602,5125.755,5341.429,5615.818,5941.756,6393.307,7069.437,7672.547,8534.354
3,"2020-07-25",2065.304,2285.967,2534.755,2805.493,3081.723,3277.7,3449.119,3621.979,3765.089,3901.329,4057.387,4203.101,4341.792,4532.979,4692.763,4868.556,5057.65,5282.861,5559.519,5899.188,6473.034,7025.632,7675.928
2,"2020-07-18",2263.968,2466.247,2682.319,2957.774,3158.54,3311.379,3480.199,3626.797,3762.395,3899.005,4029.519,4154.757,4284.09,4409.509,4557.197,4700.241,4839.799,5015.671,5247.951,5530.187,5951.952,6417.037,6890.865
1,"2020-07-11",2460.864,2631.409,2789.216,2967.169,3099.727,3213.759,3316.315,3415.216,3518.64,3608.939,3701.035,3804.13,3903.675,4030.073,4127.716,4238.555,4362.924,4503.453,4668.955,4906.219,5254.704,5537.484,5890.82
4,"2020-08-08",3086.365,3404.001,3707.203,4139.571,4476.54,4712.636,4907.231,5132.262,5364.869,5552.319,5749.819,5978.787,6197.25,6455.182,6701.168,7006.856,7313.576,7685.638,8149.891,8748.038,9743.418,10685.73,11793.89
3,"2020-08-01",3179.853,3451.575,3753.11,4125.286,4386.865,4604.798,4801.992,4986.259,5153.939,5304.278,5465.102,5634.218,5802.02,5983.84,6175.374,6378.091,6626.292,6884.687,7195.786,7649.714,8312.72,8903.761,9698.085
2,"2020-07-25",3313.766,3537.074,3840.405,4179.779,4380.623,4536.147,4689.996,4819.181,4956.424,5076.007,5196.365,5325.785,5447.408,5582.796,5721.415,5867.129,6034.11,6202.638,6420.928,6740.569,7227.942,7560.406,8107.431
1,"2020-07-18",3440.529,3589.262,3794.019,4075.837,4224.154,4341.793,4450.962,4546.878,4635.383,4713.451,4800.919,4879.021,4966.933,5067.938,5160.28,5264.665,5379.842,5499.03,5647.366,5855.621,6179.385,6396.402,6715.033
1,"2020-07-25",4200,4380,4539,4762,4888,5004,5099,5190,5280,5362,5439,5513,5589,5668,5750,5836,5929,6030,6153,6343,6618,6899,7208
2,"2020-08-01",4180,4398,4609,4877,5100,5264,5403,5543,5660,5775,5889,6007,6121,6231,6345,6465,6610,6784,6976,7275,7715,8110,8567
3,"2020-08-08",3891,4286,4563,4873,5109,5318,5515,5673,5822,5961,6106,6238,6379,6517,6672,6840,7033,7254,7550,7988,8553,9091,9791
4,"2020-08-15",3831,4176,4456,4839,5113,5369,5577,5756,5937,6091,6257,6419,6587,6762,6955,7149,7384,7706,8058,8623,9456,10451,12304
1,"2020-08-01",5002,5371,5656,5838,5992,6167,6301,6414,6507,6684,6790,6909,7003,7087,7217,7301,7372,7463,7599,7843,8236,8572,9039
2,"2020-08-08",4893,5219,5555,5954,6218,6446,6602,6733,6817,6930,7095,7251,7431,7627,7784,7927,8094,8261,8458,8744,9250,9693,10318
3,"2020-08-15",4849,5053,5387,5764,6150,6417,6659,6887,7114,7292,7406,7506,7687,7819,7929,8042,8154,8280,8456,8997,9725,10416,11249
4,"2020-08-22",4601,4661,5014,5410,5822,6164,6421,6618,6799,6924,7009,7198,7379,7545,7710,7802,7889,8010,8451,9140,10259,11198,12106
1,"2020-08-08",5507,5755,5976,6230,6428,6717,6960,7113,7183,7241,7310,7356,7417,7522,7633,7755,7877,8068,8292,8943,9425,9721,9958
2,"2020-08-15",5227,5325,5425,5823,6117,6219,6407,6603,6715,6839,6973,7141,7281,7501,7728,7949,8145,8299,8429,8499,9224,9921,10478
3,"2020-08-22",4428,4837,5022,5424,5818,6030,6290,6523,6605,6664,6804,6958,7119,7289,7404,7573,7894,8141,8569,9113,9911,10530,10967
4,"2020-08-29",3889,4560,4805,5141,5224,5497,5851,6154,6285,6402,6542,6588,6691,6795,6907,7024,7411,7857,8265,8794,9835,10587,11563
1,"2020-08-15",5296,5408,5690,5963,6249,6399,6565,6711,6904,7023,7249,7288,7439,7588,7760,7948,8008,8168,8239,8480,8896,9212,9831
2,"2020-08-22",5124,5168,5282,5494,5856,5910,6139,6310,6601,6764,6921,7081,7244,7449,7631,8068,8266,8378,8624,9043,9713,10298,10699
3,"2020-08-29",4478,4708,4850,5077,5484,5708,5903,6102,6261,6598,6834,6898,6963,7145,7531,8029,8230,8415,9036,9276,9789,10084,10292
4,"2020-09-05",4022,4236,4469,4696,5000,5483,5933,6036,6177,6465,6699,6876,7037,7201,7359,7552,7881,8252,8594,9606,10328,10604,10970
1,"2020-08-22",4997,5344,5473,5716,5893,6022,6323,6407,6495,6560,6571,6650,6780,6944,7046,7074,7103,7201,7449,7805,8464,8818,9121
2,"2020-08-29",4437,4525,4878,5189,5399,5583,5757,5901,6098,6384,6538,6638,6786,6980,7047,7271,7445,7637,7860,8165,8774,9268,9448
3,"2020-09-05",4013,4140,4332,4580,4904,5104,5275,5433,5593,5939,5994,6046,6206,6409,6623,6856,7100,7373,7700,8134,8818,9344,9668
4,"2020-09-12",3605,3697,3919,4347,4611,4808,5027,5181,5255,5361,5429,5575,5738,5898,6079,6261,6544,6923,7392,8041,8540,9611,10473
1,"2020-08-29",4784,4801,5095,5443,5704,5799,5874,5963,6071,6217,6262,6361,6509,6552,6723,6829,6900,7059,7219,7418,7668,7928,8262
2,"2020-09-05",4411,4624,4775,4983,5109,5235,5343,5478,5613,5770,5836,5979,6201,6277,6422,6746,6896,7126,7256,7615,7898,8327,8641
3,"2020-09-12",4004,4540,4546,4798,4885,4968,5037,5259,5403,5703,5819,5916,6109,6305,6512,6718,6945,7234,7432,7523,8114,8532,8934
4,"2020-09-19",3909,3997,4085,4427,4554,4656,4836,5088,5401,5584,5767,5945,6188,6289,6612,6849,7097,7374,7536,7733,8281,8396,9081
1,"2020-09-05",4228,4456,4613,4796,5057,5237,5265,5333,5646,5826,5884,5994,6173,6283,6371,6430,6494,6548,6684,6829,6952,7181,7614
2,"2020-09-12",4103,4199,4323,4481,4703,4854,5030,5175,5373,5497,5579,5669,5936,6071,6153,6375,6506,6647,6727,6832,7108,7564,7940
3,"2020-09-19",3552,3683,3947,4138,4357,4553,4675,4767,4966,5199,5426,5574,5737,5968,6078,6212,6399,6591,6787,6898,7177,7399,7927
4,"2020-09-26",3000,3331,3577,3896,4139,4282,4376,4522,4669,5049,5175,5294,5514,5882,6024,6123,6373,6649,6850,6979,7222,7453,7678
1,"2020-09-12",4328,4329,4378,4567,4669,4857,5003,5105,5262,5456,5569,5608,5714,5828,5855,5940,6002,6156,6346,6609,6899,7064,7333
2,"2020-09-19",3893,3951,4037,4196,4455,4599,4695,4920,4969,5244,5304,5410,5599,5770,5939,5981,6179,6344,6475,6780,7216,7366,7631
3,"2020-09-26",3458,3513,3918,4134,4352,4561,4671,4780,4882,5154,5327,5404,5623,5761,5898,6027,6303,6448,6629,6998,7434,7570,8242
4,"2020-10-03",3081,3337,3582,4104,4236,4348,4433,4478,4871,5088,5183,5309,5630,5694,5797,6069,6181,6488,6745,7326,7636,8032,8297
1,"2020-09-19",3547,3676,3871,3940,4068,4353,4517,4615,4757,4851,4935,4970,5109,5162,5235,5267,5338,5414,5583,5854,6274,6600,6663
2,"2020-09-26",3187,3335,3401,3606,3762,3803,4111,4314,4465,4492,4598,4716,4861,4924,4998,5085,5222,5368,5547,5777,6240,6584,6906
3,"2020-10-03",2938,3023,3147,3470,3835,3922,4003,4204,4308,4495,4586,4696,5130,5275,5312,5330,5413,5481,5724,5959,6341,6919,7116
4,"2020-10-10",2570,2986,3316,3393,3709,3895,4019,4123,4162,4365,4454,4550,4718,4886,5054,5221,5389,5552,5724,5996,6552,7087,7220
1,"2020-09-26",3557,3715,3881,4038,4177,4256,4353,4453,4564,4734,4879,4961,5101,5195,5302,5361,5418,5493,5587,5820,6149,6437,7062
2,"2020-10-03",3513,3685,3824,3953,4095,4223,4453,4558,4647,4720,4779,4944,5132,5287,5420,5582,5695,5829,6073,6345,6549,6647,7322
3,"2020-10-10",3335,3536,3733,3926,4027,4080,4192,4352,4529,4643,4808,4972,5178,5365,5509,5645,5898,6099,6226,6360,6762,7056,7865
4,"2020-10-17",3137,3352,3465,3644,3745,3826,3927,4224,4450,4555,4766,4980,5218,5400,5554,5771,5956,6141,6326,6512,6697,7439,8054
1,"2020-10-03",3649,3736,3977,4179,4296,4479,4623,4748,4828,4949,5043,5128,5213,5251,5292,5328,5453,5617,5693,5838,6069,6178,6501
2,"2020-10-10",3355,3497,3715,3982,4166,4293,4389,4528,4674,4846,4931,5058,5191,5266,5412,5534,5642,5781,5901,6295,6728,6887,7228
3,"2020-10-17",2951,3150,3376,3706,3906,4058,4195,4382,4498,4716,4949,5010,5111,5175,5354,5532,5798,6005,6293,6683,7259,7694,7996
4,"2020-10-24",2595,2726,3152,3509,3654,3950,4049,4107,4256,4584,4592,5007,5132,5202,5613,6031,6456,6657,6857,7058,8065,8563,8931
1,"2020-10-10",3631,3790,3909,4036,4127,4311,4421,4489,4573,4653,4762,4817,4880,5053,5193,5302,5462,5593,5706,5890,5972,6074,6332
2,"2020-10-17",3376,3409,3702,3909,4030,4158,4241,4382,4517,4569,4658,4769,4884,4985,5155,5332,5500,5649,5875,6074,6140,6436,6527
3,"2020-10-24",2828,3262,3492,3793,3905,4040,4176,4261,4359,4510,4649,4824,4896,5009,5211,5352,5416,5517,5817,6001,6257,6451,6591
4,"2020-10-31",2695,2841,3123,3546,3716,3828,3919,4153,4256,4428,4646,4815,4989,5190,5372,5494,5605,5754,6283,6454,6587,6837,7112
1,"2020-10-17",3703,3814,3937,4124,4400,4496,4641,4780,4876,4927,4976,5089,5223,5292,5371,5459,5536,5658,5835,5902,5940,6173,6534
2,"2020-10-24",3598,3715,3911,4160,4401,4529,4652,4778,4901,5010,5130,5251,5386,5525,5652,5714,5786,5916,6012,6121,6247,6484,6796
3,"2020-10-31",3335,3456,3659,4040,4209,4380,4558,4751,4956,5086,5203,5327,5420,5569,5817,5979,6043,6112,6191,6292,6548,6809,6990
4,"2020-11-07",3183,3432,3635,3926,4074,4314,4418,4624,4762,4858,4967,5139,5309,5526,5822,6023,6106,6225,6381,6499,6688,7064,7519
1,"2020-10-24",3822,3977,4070,4325,4446,4547,4663,4727,4834,4873,4936,5011,5109,5170,5244,5331,5408,5536,5686,5787,6014,6073,6079
2,"2020-10-31",3750,4006,4188,4527,4752,4753,4784,4836,5056,5120,5241,5306,5462,5485,5628,5662,5888,5979,6092,6330,6502,6556,6675
3,"2020-11-07",3549,3643,3856,4177,4407,4647,4702,4802,4946,5104,5295,5499,5746,5848,5876,5912,5994,6191,6491,6602,7031,7400,7452
4,"2020-11-14",3108,3532,3837,4083,4217,4388,4619,4742,5021,5110,5243,5415,5537,5559,5805,6034,6165,6373,6546,6719,7156,7581,7850
1,"2020-10-31",4153,4392,4500,4750,4944,5166,5284,5468,5560,5622,5687,5727,5787,5827,5891,6068,6152,6275,6387,6506,6738,6913,7252
2,"2020-11-07",4240,4446,4795,5211,5377,5439,5588,5736,5855,5975,6070,6135,6195,6273,6426,6464,6561,6633,6816,7241,7575,7926,8317
3,"2020-11-14",4046,4361,4560,4920,5085,5350,5528,5701,5849,5895,5975,6185,6419,6449,6525,6636,6878,7193,7667,7871,8099,8345,8714
4,"2020-11-21",3767,3948,4416,4611,4796,5137,5345,5559,5798,6143,6381,6526,6641,6759,6881,7043,7371,7743,8222,8807,9179,9595,9987
1,"2020-11-07",4727,4858,4953,5175,5328,5442,5525,5692,5843,5975,6095,6210,6329,6399,6433,6490,6655,6756,6855,7148,7519,7719,7746
2,"2020-11-14",4702,4912,5046,5398,5646,5845,5979,6042,6094,6149,6328,6603,6684,6789,6920,7072,7196,7392,7636,7834,8094,8249,8517
3,"2020-11-21",4467,4867,5173,5397,5551,5788,6019,6186,6314,6442,6646,6819,6956,7190,7470,7564,7730,7923,8126,8507,8951,9249,9655
4,"2020-11-28",4165,4551,4869,5161,5406,5749,5987,6217,6479,6717,6868,7034,7283,7645,7958,8159,8377,8625,8912,9423,10429,11009,11460
1,"2020-11-14",5469,5557,5614,5925,6149,6407,6473,6501,6526,6687,6771,6930,7110,7310,7527,7706,7827,8063,8343,8484,8660,9053,9081
2,"2020-11-21",5857,6002,6127,6380,6483,6529,6643,6957,7164,7378,7490,7505,7718,8060,8412,8514,8872,9160,9285,9427,10026,10505,10757
3,"2020-11-28",5640,5844,6192,6561,6666,7092,7413,7669,7841,7891,7939,8018,8523,9121,9283,9340,9374,9800,10303,11089,11921,12510,13095
4,"2020-12-05",5128,5485,6073,6699,6876,7305,7366,7421,7473,7831,8232,8606,9032,9484,9941,10383,10751,11216,11600,12082,12796,13416,14367
1,"2020-11-21",6493,6697,6817,7064,7444,7579,7653,7938,8108,8308,8507,8669,8755,8844,9016,9122,9257,9404,9560,9753,10012,10313,10898
2,"2020-11-28",6909,7289,7429,8129,8362,8626,8897,9005,9044,9069,9093,9364,9609,9788,9913,10124,10386,10615,11019,11424,11969,12591,13562
3,"2020-12-05",6926,7209,7887,8628,8957,9190,9208,9226,9384,9656,10026,10365,10782,11019,11233,11560,11726,12025,12464,12968,13514,14068,14818
4,"2020-12-12",6979,7292,7645,8352,9059,9707,10028,10189,10585,10839,11085,11395,11798,12276,12735,13143,13411,13598,13978,14611,15461,16244,17181
1,"2020-11-28",7735,8299,8872,9253,9632,9880,10145,10364,10583,10721,10930,11100,11279,11458,11786,12076,12241,12401,12517,12855,13278,13811,14708
2,"2020-12-05",8197,8942,9597,10178,10566,10901,11252,11535,11862,12070,12472,12770,12934,13165,13563,13835,14077,14523,15056,15366,15815,16412,17258
3,"2020-12-12",8940,9587,10514,11459,11917,12239,12518,12816,13332,13845,14087,14257,14646,15097,15404,15782,16142,16814,17186,17551,18169,18873,19645
4,"2020-12-19",9622,10553,11642,12668,13151,13702,14201,14659,15142,15359,15618,15881,16067,16189,16724,17485,17701,18157,18529,19558,20553,21427,22423
1,"2020-12-05",7795,8341,8801,9350,9829,10342,10734,10901,11033,11194,11366,11498,11635,11810,12155,12745,12917,13080,13272,13363,13704,14126,14896
2,"2020-12-12",8074,9059,9741,10431,10775,10977,11321,11645,11939,12167,12392,12593,12734,13094,13725,14090,14465,14916,15305,15605,15883,16066,16594
3,"2020-12-19",8033,9336,10166,10693,11180,11247,11321,11622,11936,12260,12563,12969,13387,13764,14146,14490,14803,15168,15612,16224,17101,17881,18805
4,"2020-12-26",8583,9562,9993,10293,10838,11309,11610,12066,12643,12820,13027,13210,13495,13725,14207,14660,15109,15631,16187,17065,18329,19521,20471
1,"2020-12-12",10958,11561,12177,12650,13065,13430,13713,14010,14288,14523,14853,15083,15169,15351,15560,15963,16159,16337,16738,16972,17404,18160,18269
2,"2020-12-19",11547,12510,13009,13905,14442,14709,15081,15374,15578,15726,15882,16039,16232,16503,16707,17029,17301,17602,18098,18865,19508,20096,20437
3,"2020-12-26",12796,13454,13739,14583,15140,15491,15807,16088,16320,16548,16783,17006,17355,17587,17801,18041,18361,19134,19996,20506,21324,21607,22732
4,"2021-01-02",11948,12620,13563,14358,14881,15369,16102,16983,17383,17600,17853,18190,18791,19189,19691,20088,20096,20096,20594,21323,22899,23441,24311
1,"2020-12-19",13028,13923,14429,15246,15639,15918,16108,16472,16803,17013,17177,17340,17559,17688,17867,18187,18484,18794,19167,19648,20005,20669,21273
2,"2020-12-26",14069,15131,15462,16322,16806,17445,17910,18330,18738,19008,19235,19387,19527,19778,20230,20748,20814,20973,21253,21607,22091,22345,23385
3,"2021-01-02",14156,15587,16497,17194,17682,18111,18448,18703,19119,19681,20092,20427,20700,20973,21351,21712,22195,22345,22474,22794,23517,24229,24903
4,"2021-01-09",14296,15757,17016,18190,18435,18738,19082,19663,20089,20475,21002,21608,21920,22814,23487,23734,23982,24676,25304,25974,27274,27718,27819
1,"2020-12-26",15086,15340,16059,16821,17211,17394,17859,18143,18386,18740,19168,19507,19953,20222,20257,20349,20732,20966,21247,21517,22034,22454,23134
2,"2021-01-02",15171,15803,16161,16950,17695,18219,18791,19256,19690,19945,20411,20608,20805,21154,21309,21830,22228,22515,22797,23229,23978,24695,25543
3,"2021-01-09",14475,15871,16700,17840,18529,19165,19527,19982,20120,20676,21019,21318,21666,21882,22243,22687,23059,23378,23995,24284,25814,26809,27856
4,"2021-01-16",14721,16391,17414,17804,18672,19089,19274,19756,20109,20797,20942,21484,22645,22984,23242,23526,23887,24138,24201,25230,26301,27595,29272
1,"2021-01-02",13009,13012,14032,15020,15705,15892,16174,16487,16692,16987,17314,17533,17710,18089,18766,19097,19487,19897,20354,20638,21665,22283,22879
2,"2021-01-09",11918,13021,14265,14892,15352,15782,16068,16381,16837,17147,17606,18006,18442,19190,19634,20040,20501,20817,21503,22120,22846,23748,24396
3,"2021-01-16",12148,12839,14124,14751,15191,15571,16056,16940,17081,17162,17446,17912,18240,18816,19448,19758,20002,20306,21489,22445,23227,24145,25151
4,"2021-01-23",11700,12431,13906,14262,15001,15357,16214,16258,16300,16504,17350,17576,18009,18294,18831,19060,19154,20046,21297,22343,23311,24332,25891
1,"2021-01-09",13818,14377,15204,15953,16500,16982,17114,17301,17417,17568,17796,17941,18155,18299,18388,18529,18909,19225,19880,20522,20960,21846,22949
2,"2021-01-16",13531,13797,14448,15393,15758,16117,16519,16855,17174,17365,17548,17739,17932,18121,18382,18764,19181,19576,20189,20861,21887,22469,23339
3,"2021-01-23",13197,13688,14161,14938,15416,15728,16070,16560,16895,17230,17489,17930,18331,18850,19168,19349,19913,20623,21178,21830,23138,23886,24402
4,"2021-01-30",12389,12936,13530,14277,14945,15518,15700,16287,16878,17538,17744,17936,18155,18626,19265,19534,19599,20267,21794,22569,23778,24861,26081
1,"2021-01-16",16277,17273,17790,18486,19539,19622,20024,20291,20525,20714,20886,21047,21140,21343,21690,22315,22415,22841,23753,24137,24787,25045,25214
2,"2021-01-23",16650,17239,17733,18502,18803,19236,19685,20202,20719,21037,21343,21634,21824,22114,22339,22575,22933,23884,23946,24708,26141,27385,28170
3,"2021-01-30",16243,16920,17681,18588,19081,19527,19926,20669,21102,21474,21822,22121,22489,22873,23210,23939,24214,25193,26266,27287,28353,29105,29830
4,"2021-02-06",15410,16176,17752,18517,18855,19508,20091,20593,21126,21659,21947,22218,22684,23091,23828,24370,24631,25594,26409,28735,29649,29649,31213
1,"2021-01-23",17633,18046,18540,19394,19729,20540,20992,21460,21807,22217,22691,23017,23343,23547,23682,23969,24397,24683,24983,25518,25915,26729,27336
2,"2021-01-30",17195,17747,18528,19103,20129,20515,20612,20962,21177,22136,22440,23181,23340,23774,24215,24761,25074,25256,25892,26213,27636,28441,29340
3,"2021-02-06",16712,17694,18192,18980,19497,19932,20538,21213,21962,22441,22773,23269,23480,24134,24678,25479,25922,26196,26523,27129,28641,29581,30418
4,"2021-02-13",15569,16957,17318,18591,19273,19739,20479,20786,21012,21356,21986,22510,23051,23739,24137,24463,24818,25644,26604,27613,28580,29287,29449
1,"2021-01-30",16241,16683,17367,18077,18521,18866,19223,19720,19882,20279,20656,21075,21399,21619,21835,22159,22587,23073,23331,23956,24811,25421,26141
2,"2021-02-06",15367,15990,16458,17126,17578,18115,18585,19063,19354,19845,20311,20770,21150,21421,21694,22026,22403,22793,23250,23566,24400,25005,25712
3,"2021-02-13",14042,14392,15143,16097,16541,17175,17686,18230,18927,19320,19842,20196,20380,20565,20840,21262,21590,22025,22504,22990,24084,25111,25790
4,"2021-02-20",12769,13526,14523,15071,15872,16392,16709,17245,17760,18097,18445,18790,19205,19553,19872,20252,20641,21085,21933,23012,24533,24960,25606
1,"2021-02-06",15639,16270,16515,17345,17844,18432,18991,19305,19590,19835,20176,20462,20818,21174,21665,21903,21949,22126,22483,22972,23842,24660,25110
2,"2021-02-13",13455,14007,14612,15189,16470,17124,17557,17827,18186,18555,18564,18754,19150,19592,20084,20525,20925,21072,21152,21656,22970,24111,24919
3,"2021-02-20",11289,12438,13542,14509,15173,15787,16133,16630,16896,17183,17699,18071,18405,18633,18847,19462,19866,20345,20835,20932,22354,23280,23628
4,"2021-02-27",10036,11286,11900,12937,13732,14430,14797,15182,15713,16089,16436,16941,17371,17616,17874,18158,18517,19118,19986,20827,22007,22573,23157
1,"2021-02-13",14994,15534,15871,16527,17021,17670,17934,18153,18503,18894,19291,19686,20131,20376,20541,20570,20641,20976,21440,22038,22836,23350,24124
2,"2021-02-20",13133,13628,14290,14843,15281,15711,16154,16444,16848,17052,17149,17542,17843,18405,18664,19048,19549,20332,20527,20846,21658,22485,23014
3,"2021-02-27",11085,11567,12305,12913,13538,14201,14615,14913,15256,15592,15960,16157,16372,16732,16874,17161,17708,18035,18999,19583,20242,20579,22171
4,"2021-03-06",9448,10288,10958,11524,12313,12721,13163,13490,13816,14115,14611,14949,15186,15358,15662,15824,16003,16221,16867,18046,19586,20372,22560
1,"2021-02-20",13362,13943,14314,14908,15526,16094,16452,16679,16908,17332,17510,17715,18095,18493,18779,18949,19155,19492,19822,20250,20907,21485,22337
2,"2021-02-27",11120,12222,12568,13049,13695,14262,14507,14728,15028,15243,15524,15889,16088,16391,16760,17177,17587,18065,18571,19208,19651,20367,21208
3,"2021-03-06",9331,10057,10455,11154,11852,12342,12727,13002,13274,13566,13714,14016,14350,14809,15064,15729,16393,16913,17504,18235,19296,19719,19834
4,"2021-03-13",7564,8358,8928,9618,10166,10774,11067,11453,11874,12095,12373,12666,13099,13505,13962,14197,14844,15453,16035,16681,17657,18474,19570
1,"2021-02-27",9395,9703,9943,10567,10892,11109,11267,11475,11897,12133,12253,12321,12378,12795,13139,13251,13514,13679,14080,14529,15022,15531,15965
2,"2021-03-06",7041,7495,8126,8952,9525,9912,10145,10308,10457,10665,10768,10859,11030,11274,11546,11759,11909,12071,12310,12668,13106,13395,14111
3,"2021-03-13",5279,5856,6290,6897,7512,7872,8112,8401,8767,9075,9300,9611,9801,10132,10288,10490,10905,11213,11599,12084,12456,12789,13570
4,"2021-03-20",3954,4292,4614,5394,5697,6153,6719,7226,7468,7619,7734,7922,8316,8556,8804,9065,9347,9662,9971,10309,11526,12575,13423
1,"2021-03-06",8271,8627,9074,9486,9816,10017,10249,10477,10636,10834,11098,11549,11824,12005,12278,12424,12624,12722,12827,13135,13489,13880,14672
2,"2021-03-13",6186,6548,7020,7685,8098,8438,8858,9053,9250,9407,9601,9996,10333,10542,10812,11043,11159,11268,11531,11971,12557,12978,13457
3,"2021-03-20",5190,5476,5901,6516,6933,7162,7392,7591,7767,8152,8437,8860,9022,9077,9290,9501,9822,10119,10377,10876,12145,12984,13612
4,"2021-03-27",3959,4369,5078,5521,6091,6279,6672,6883,7066,7346,7555,7805,8087,8451,8731,9037,9465,9955,10133,10655,11540,12856,13623
1,"2021-03-13",6458,7184,7550,8067,8566,8763,9025,9233,9400,9732,10109,10367,10411,10510,10582,10685,10798,10884,11099,11447,11949,12407,12918
2,"2021-03-20",5326,5681,6305,7026,7210,7475,7582,7906,8112,8425,8540,8711,8919,9050,9279,9520,9771,9940,10299,10745,11279,11962,12401
3,"2021-03-27",4437,4856,5231,5768,6090,6353,6544,6781,6970,7355,7538,7743,7988,8317,8641,8991,9369,9789,10170,10653,11266,11839,12398
4,"2021-04-03",3328,3968,4495,4821,5372,5621,5897,6090,6182,6489,6802,7166,7527,7858,8201,8595,8949,9427,10021,10225,11245,11697,12313
1,"2021-03-20",5437,5699,6059,6497,6892,7159,7441,7695,7938,8026,8261,8449,8553,8819,8987,9002,9099,9270,9526,9725,10310,10739,11221
2,"2021-03-27",4573,4890,5160,5654,5959,6362,6667,6789,6947,7180,7349,7678,7812,8066,8286,8494,8795,8904,8993,9281,9935,10242,10792
3,"2021-04-03",3193,3699,4204,4703,5162,5481,5746,5959,6171,6393,6614,6848,7082,7368,7565,7819,8086,8242,8674,8915,9591,10206,11082
4,"2021-04-10",2342,3171,3411,4088,4345,4656,5133,5288,5541,5742,5862,6108,6493,6704,6966,7256,7599,7922,8323,8670,9423,10076,10959
1,"2021-03-27",4723,5077,5219,5493,5715,5975,6090,6324,6487,6651,6848,6970,7181,7312,7468,7520,7622,7828,8070,8391,8718,9134,9541
2,"2021-04-03",3707,3949,4147,4613,5112,5588,5730,5944,6011,6131,6230,6505,6702,6910,7143,7413,7549,7720,7943,8289,8688,9147,9300
3,"2021-04-10",3168,3316,3512,4302,4620,4943,5226,5434,5632,5873,6087,6181,6493,6720,6857,7006,7353,7477,7627,8350,8817,9263,9770
4,"2021-04-17",2335,2700,3245,3839,4170,4547,4864,5198,5619,5807,5849,6023,6201,6595,6795,7139,7338,7697,8111,8726,9568,9616,10620
1,"2021-04-03",4270,4534,4807,5147,5275,5612,5808,5986,6156,6284,6408,6457,6654,6778,6919,7103,7271,7431,7539,7850,8421,8693,9227
2,"2021-04-10",3446,3752,3902,4415,4770,4911,5245,5447,5605,5682,6003,6028,6307,6581,6771,6964,7118,7363,7517,7809,8265,8762,9342
3,"2021-04-17",2863,3263,3762,4304,4646,4919,5176,5402,5724,5882,6042,6159,6326,6717,6951,7069,7198,7343,7776,8330,9111,9749,9814
4,"2021-04-24",2431,3070,3586,3940,4422,4680,4825,5072,5469,5754,5911,6212,6448,6807,6965,7136,7434,7707,8082,8739,8952,10248,10677
1,"2021-04-10",3749,3982,4245,4554,4721,4776,5081,5200,5275,5526,5635,5793,5852,6027,6149,6331,6453,6687,6847,7164,7442,7803,8113
2,"2021-04-17",3140,3497,3684,4093,4329,4456,4687,4903,5085,5336,5532,5645,5714,6106,6337,6488,6650,6782,6994,7266,7479,7919,8695
3,"2021-04-24",2276,2645,3057,3618,3808,4016,4426,4684,4904,5178,5460,5617,5693,6050,6396,6528,6704,6898,7144,7702,8006,8922,9376
4,"2021-05-01",1737,2318,2755,3315,3704,3869,4459,4701,4812,5036,5286,5412,5621,5837,6199,6502,6770,7041,7330,8379,8942,10109,10687
1,"2021-04-17",3287,3571,3928,4534,5059,5194,5327,5400,5656,5684,5771,5807,5870,6080,6254,6461,6602,6745,6960,7239,7677,8054,8748
2,"2021-04-24",2828,3234,3571,4181,4663,4913,5138,5326,5419,5587,5718,5828,6001,6169,6515,6616,6828,6979,7301,7545,8152,8764,9513
3,"2021-05-01",2453,2764,3152,3789,4111,4380,4909,5292,5321,5421,5542,5707,6174,6431,6746,6943,7197,7746,8136,8479,9060,9545,10171
4,"2021-05-08",2032,2541,2999,3830,4260,4603,4897,5074,5407,5640,5843,6043,6299,6398,7179,7424,7635,7891,8207,9035,9872,10545,11213
1,"2021-04-24",3276,3631,3838,4225,4393,4452,4596,4720,4765,5001,5106,5232,5404,5580,5687,5812,5961,6109,6316,6623,7058,7283,7839
2,"2021-05-01",2839,3192,3417,3932,4198,4382,4504,4647,4772,5021,5246,5347,5422,5673,5818,5972,6151,6341,6652,6950,7503,8070,8557
3,"2021-05-08",2052,2597,2866,3270,3809,4182,4447,4613,4783,4961,5169,5325,5542,5807,6062,6226,6521,6924,7206,7544,8163,8643,9246
4,"2021-05-15",1725,2072,2462,2813,3213,3628,4036,4334,4491,4658,4961,5209,5501,5894,6115,6328,6704,6924,7206,7831,8327,8838,9481
1,"2021-05-01",2937,3223,3428,3678,3823,4031,4206,4276,4356,4502,4577,4708,4769,4889,5088,5154,5324,5411,5644,5938,6183,6401,6707
2,"2021-05-08",2496,2791,3034,3270,3464,3679,3795,3989,4155,4292,4404,4510,4691,4861,5040,5062,5138,5371,5432,5712,6102,6423,6807
3,"2021-05-15",2066,2233,2429,2722,3140,3347,3466,3674,3904,4003,4208,4331,4511,4659,4840,4968,5080,5316,5568,5727,6244,6645,6989
4,"2021-05-22",1591,1873,1996,2297,2612,2834,3038,3255,3545,3656,3818,4014,4200,4365,4598,4860,5080,5295,5684,6020,6188,6613,6994
1,"2021-05-08",2476,2846,3043,3347,3549,3677,3843,3989,4109,4217,4308,4418,4570,4744,4827,4892,4989,5118,5210,5361,5652,5878,6103
2,"2021-05-15",1875,2225,2537,2847,3063,3252,3430,3537,3663,3817,3927,4035,4144,4358,4396,4488,4617,4763,4783,5035,5405,5743,6008
3,"2021-05-22",1418,1667,1900,2212,2694,2843,3035,3266,3420,3608,3608,3852,3905,4129,4179,4341,4427,4567,4743,5056,5537,5812,6007
4,"2021-05-29",1132,1359,1613,1968,2201,2402,2567,2966,3120,3149,3272,3420,3502,3878,3955,4060,4109,4233,4657,4742,5297,5474,6138
1,"2021-05-15",2559,2857,3092,3364,3558,3695,3833,3948,4063,4156,4250,4357,4430,4524,4638,4738,4842,4943,5115,5300,5571,5834,6112
2,"2021-05-22",1979,2315,2583,2899,3137,3320,3498,3606,3660,3785,3917,3988,4080,4309,4424,4504,4618,4763,4841,5103,5518,5799,6352
3,"2021-05-29",1459,1736,2144,2374,2627,2943,3029,3195,3212,3245,3410,3483,3655,3970,4128,4248,4308,4524,4712,4890,5247,5634,6034
4,"2021-06-05",1045,1533,1678,2048,2369,2499,2716,3024,3090,3150,3236,3366,3447,3640,3932,4030,4147,4320,4498,4696,5069,5482,6194
1,"2021-05-22",2396,2609,2739,2995,3185,3270,3406,3490,3531,3616,3678,3742,3781,3841,3986,4084,4197,4242,4325,4410,4598,4872,5027
2,"2021-05-29",1808,2046,2314,2617,2721,2769,2794,2919,2963,3062,3170,3250,3384,3515,3640,3731,3901,4051,4189,4308,4622,4840,5049
3,"2021-06-05",1353,1616,1805,2085,2224,2269,2372,2596,2703,2792,2872,3003,3136,3325,3486,3546,3663,3869,4009,4110,4500,4666,4927
4,"2021-06-12",926,1199,1429,1639,1809,1901,1963,2177,2292,2429,2577,2667,2795,3060,3163,3266,3390,3485,3604,3808,4181,4585,5078
1,"2021-05-29",1973,2184,2443,2612,2778,2881,2928,2975,3025,3084,3130,3227,3388,3475,3541,3603,3684,3795,3969,4152,4355,4550,4755
2,"2021-06-05",1494,1718,1923,2100,2233,2313,2424,2502,2576,2684,2783,2888,3034,3152,3196,3248,3364,3490,3637,3845,4130,4319,4578
3,"2021-06-12",1130,1278,1445,1652,1769,1846,1997,2142,2292,2350,2432,2528,2783,2914,3012,3030,3051,3114,3296,3472,3890,4144,4426
4,"2021-06-19",820,928,1054,1266,1359,1456,1587,1736,1875,2044,2181,2290,2387,2571,2731,2782,2864,2905,3070,3336,3799,3964,4417
1,"2021-06-05",1905,2058,2260,2541,2584,2701,2818,2954,3098,3235,3367,3457,3534,3701,3778,3853,3946,4044,4248,4449,4667,4767,4914
2,"2021-06-12",1389,1588,1765,1947,2157,2337,2492,2630,2758,2880,2998,3114,3132,3338,3437,3541,3666,3813,4020,4223,4549,4718,5100
3,"2021-06-19",977,1186,1373,1624,1740,1934,2003,2220,2410,2516,2612,2629,2823,2926,3033,3239,3348,3517,3693,3982,4442,4762,5083
4,"2021-06-26",663,831,1023,1245,1409,1656,1856,1933,2024,2156,2313,2356,2626,2821,2961,3140,3209,3351,3511,4137,4428,4830,5110
1,"2021-06-12",1381,1597,1808,1999,2111,2216,2290,2357,2430,2477,2531,2615,2777,2854,2922,2934,2991,3122,3267,3374,3570,3710,4079
2,"2021-06-19",1108,1284,1409,1537,1685,1747,1843,1998,2065,2143,2226,2317,2436,2689,2854,2958,3037,3081,3158,3393,3811,4078,4229
3,"2021-06-26",812,943,1072,1261,1342,1422,1475,1595,1677,1809,1870,1966,2137,2399,2579,2687,2832,2952,3004,3248,3608,3925,4117
4,"2021-07-03",524,667,761,962,1061,1123,1194,1376,1445,1493,1610,1703,1906,2189,2364,2472,2712,2934,3009,3229,3647,3954,4162
1,"2021-06-19",1223,1442,1590,1729,1838,1931,2017,2091,2167,2213,2258,2338,2440,2621,2674,2735,2828,2917,2927,3061,3267,3431,3595
2,"2021-06-26",930,1115,1238,1359,1454,1548,1660,1742,1847,1917,1995,2085,2202,2323,2456,2566,2624,2659,2830,3062,3246,3392,3618
3,"2021-07-03",703,870,994,1109,1183,1307,1379,1455,1557,1663,1773,1891,2117,2232,2318,2394,2530,2638,2736,3027,3345,3630,3921
4,"2021-07-10",483,642,737,871,961,1086,1147,1220,1363,1454,1581,1752,1929,2076,2154,2255,2404,2639,2712,3037,3341,3600,3880
1,"2021-06-26",896,1054,1165,1357,1408,1451,1507,1586,1658,1716,1774,1820,1866,1957,2062,2120,2182,2230,2272,2418,2544,2607,2724
2,"2021-07-03",677,860,983,1105,1183,1205,1324,1375,1413,1471,1523,1569,1694,1803,1899,2017,2059,2124,2244,2349,2452,2704,2877
3,"2021-07-10",562,682,790,917,1001,1054,1128,1186,1247,1307,1371,1467,1581,1685,1775,1916,1970,2037,2111,2211,2512,2744,2878
4,"2021-07-17",374,536,604,727,809,874,949,1004,1055,1145,1179,1236,1526,1626,1758,1855,2006,2012,2074,2293,2518,2932,3200
1,"2021-07-03",778,1017,1140,1302,1371,1431,1502,1590,1646,1702,1754,1833,1908,1978,2038,2063,2128,2181,2260,2371,2486,2613,2766
2,"2021-07-10",729,885,993,1117,1202,1262,1319,1373,1467,1536,1601,1672,1760,1806,1884,1971,2025,2095,2149,2210,2358,2495,2772
3,"2021-07-17",494,657,767,915,1020,1125,1175,1268,1308,1410,1479,1581,1691,1752,1815,1887,1983,2063,2112,2263,2586,2866,3169
4,"2021-07-24",434,566,640,769,873,977,1085,1166,1219,1354,1404,1495,1615,1692,1727,1818,1921,2026,2096,2323,2627,2909,3080
1,"2021-07-10",955,1062,1158,1235,1284,1339,1383,1439,1462,1477,1521,1563,1635,1665,1734,1747,1798,1857,1894,2033,2171,2290,2429
2,"2021-07-17",690,830,928,1063,1181,1255,1330,1416,1456,1495,1533,1575,1629,1688,1729,1775,1832,1895,1962,2063,2208,2361,2491
3,"2021-07-24",612,720,872,984,1061,1123,1307,1342,1388,1424,1481,1518,1684,1736,1791,1846,1917,2009,2101,2303,2477,2634,2733
4,"2021-07-31",517,698,864,1076,1178,1281,1340,1379,1399,1413,1473,1473,1682,1731,1782,1835,1932,2052,2229,2437,2662,2864,3173
1,"2021-07-17",862,933,1022,1194,1268,1312,1380,1429,1507,1544,1578,1616,1642,1691,1727,1770,1817,1901,1983,2071,2250,2344,2585
2,"2021-07-24",746,907,988,1219,1272,1330,1379,1414,1438,1499,1585,1617,1644,1737,1828,1888,1944,2047,2177,2400,2603,2855,2972
3,"2021-07-31",664,864,1069,1161,1218,1259,1444,1465,1512,1586,1633,1694,1810,1880,1945,2083,2215,2363,2482,2612,3003,3184,3413
4,"2021-08-07",624,760,899,1131,1247,1305,1391,1512,1573,1631,1674,1733,1843,1986,2144,2298,2437,2597,2789,3005,3355,3915,4018
1,"2021-07-24",1068,1204,1329,1473,1539,1606,1634,1666,1756,1816,1870,1955,2063,2122,2164,2212,2343,2422,2535,2663,2831,3001,3160
2,"2021-07-31",1039,1234,1348,1570,1635,1692,1770,1839,1905,1938,2017,2146,2246,2311,2411,2602,2733,2840,2983,3120,3308,3437,3775
3,"2021-08-07",1045,1247,1434,1607,1742,1838,1917,1997,2072,2182,2291,2496,2647,2752,2830,2964,3081,3339,3473,3639,3875,4060,4518
4,"2021-08-14",1034,1213,1368,1565,1629,1758,1896,2012,2145,2271,2520,2804,3205,3388,3497,3613,3815,3983,4261,4662,5008,5345,5527
1,"2021-07-31",1268,1422,1495,1688,1763,1844,1933,1986,2036,2069,2128,2193,2276,2327,2377,2451,2555,2675,2823,2947,3161,3345,3529
2,"2021-08-07",1428,1526,1636,1796,1912,2038,2139,2220,2282,2338,2437,2576,2756,2861,2939,3005,3070,3173,3387,3657,3984,4190,4541
3,"2021-08-14",1435,1594,1689,1982,2048,2130,2212,2293,2414,2587,2789,3119,3273,3366,3457,3635,3847,4044,4201,4570,5113,5551,5920
4,"2021-08-21",1437,1825,1868,2087,2251,2391,2520,2650,2834,3134,3424,3657,3733,3803,3891,4030,4307,4667,5224,5806,6220,6883,7948
1,"2021-08-07",1701,1907,2034,2126,2216,2266,2327,2431,2491,2533,2633,2737,2904,2968,3051,3167,3303,3468,3641,3883,4171,4298,4432
2,"2021-08-14",1710,1860,2088,2317,2425,2517,2646,2766,2890,3019,3141,3266,3527,3563,3619,3705,3856,4074,4411,4800,5281,5675,6019
3,"2021-08-21",1820,2039,2275,2582,2806,2993,3156,3305,3464,3619,3791,3892,4026,4249,4392,4540,4698,4877,5230,5806,6473,7153,7567
4,"2021-08-28",1917,2253,2464,2689,3247,3518,3660,3784,3890,4012,4252,4356,4472,4944,5232,5409,5671,5979,6364,6933,7961,9101,9874
1,"2021-08-14",2561,2721,2838,3052,3180,3252,3359,3503,3568,3631,3728,3863,3983,4149,4354,4423,4553,4751,4962,5325,5676,5933,6532
2,"2021-08-21",2564,2789,3219,3429,3595,3817,4023,4187,4343,4502,4684,4884,5141,5483,5549,5755,5989,6382,6767,7095,7576,8391,9459
3,"2021-08-28",2689,2986,3376,3662,4098,4485,4809,5019,5256,5454,5587,5994,6316,6447,6782,7017,7333,7682,8118,8668,9211,10186,10874
4,"2021-09-04",2685,3284,3366,3795,4191,4889,5528,5766,6165,6477,6735,7099,7372,7709,8133,8517,8942,9571,10025,10726,11715,12644,14074
1,"2021-08-21",3289,3595,3809,4198,4400,4566,4681,4766,4922,5084,5247,5405,5687,5956,6088,6183,6351,6542,6735,7011,7406,7832,8320
2,"2021-08-28",3471,3618,3745,4196,4593,4729,5263,5557,5784,5980,6195,6399,6690,6916,7150,7397,7663,7959,8304,8738,9382,9721,10668
3,"2021-09-04",3234,3657,3992,4555,5133,5581,5944,6238,6463,6858,7110,7408,7647,7958,8245,8547,8872,9235,9658,10190,10939,11549,12181
4,"2021-09-11",2616,3252,4097,4916,5485,5974,6368,6668,7075,7448,7768,8083,8398,8718,9367,9717,10095,10613,11149,11836,12635,13495,14433
1,"2021-08-28",4841,5045,5389,5666,5906,6133,6492,6626,7064,7229,7310,7478,7603,7978,7996,8312,8488,8649,8790,9211,9875,10465,11576
2,"2021-09-04",4510,5025,5580,6139,6907,7034,7831,8296,8753,9058,9380,9469,9486,9492,9814,10025,10245,10417,10673,11023,11972,12795,13707
3,"2021-09-11",4399,4926,5745,6480,7380,7985,8428,8722,9007,9337,9698,9991,10294,10652,10900,11248,11496,11793,12126,12316,13465,14473,15745
4,"2021-09-18",4234,5057,5896,6881,7928,8695,9315,9873,10420,10784,11003,11210,11781,12043,12252,12417,13105,13612,13848,14745,16267,17744,18350
1,"2021-09-04",6037,6513,6950,7748,8239,8584,8829,9039,9245,9353,9613,9860,10062,10293,10510,10748,10833,10982,11221,11417,12089,12728,13735
2,"2021-09-11",5800,6463,7503,8141,8714,9014,9470,9982,10476,10828,11055,11270,11522,11606,11655,12178,12509,12712,13230,13528,14371,14999,15823
3,"2021-09-18",5486,6061,6888,8280,8798,9459,10095,10507,10926,11321,11671,11866,12036,12299,12558,13040,13587,14054,14454,15128,15849,16726,17955
4,"2021-09-25",5091,5817,6383,7625,8744,9044,9364,9660,10265,10499,10868,11445,12055,12775,13069,13391,14045,14615,15288,16228,17304,18596,19627
1,"2021-09-11",7500,8265,8500,8946,9643,9898,10344,10632,10738,11076,11399,11546,11657,11747,11850,12172,12291,12303,12557,12971,13511,14443,15113
2,"2021-09-18",8283,8724,9237,9517,9873,10136,10379,11124,11416,11435,11729,11909,12052,12219,12597,12805,13028,13353,13567,14059,15131,15930,16578
3,"2021-09-25",7645,7836,8715,9415,9970,10288,11244,11301,11321,11460,11699,12252,12654,12829,13172,13714,13986,14279,14612,15047,16203,16849,18164
4,"2021-10-02",6818,6906,7486,8214,9627,10615,11165,11205,11223,11237,11797,12443,13014,13194,14279,14392,15094,15379,15792,16144,16759,18039,19086
1,"2021-09-18",7318,8085,8542,9268,9797,10213,10575,10814,10974,11177,11342,11384,11485,11794,11954,12124,12315,12555,12874,13404,14098,14755,15524
2,"2021-09-25",6691,7705,8321,8615,9651,10327,10566,10780,10979,11164,11380,11602,11869,12159,12564,12635,12842,13050,13508,14151,15030,15707,16360
3,"2021-10-02",5656,6184,6916,8023,8541,9241,9699,10132,10674,10950,11174,11483,11655,11984,12182,12376,13077,13540,14129,14935,15043,16469,17879
4,"2021-10-09",5290,5583,6407,7411,8138,8802,9140,9467,9788,10238,10747,11304,11749,11916,12155,12687,12936,13766,14492,15337,16548,17359,17940
1,"2021-09-25",8477,9130,10241,10872,11581,11983,12165,12280,12635,12910,13020,13201,13390,13489,13746,13872,14161,14328,14806,15223,15699,16233,16788
2,"2021-10-02",7649,8625,9521,10516,10850,11058,11277,11563,11849,12212,12621,13064,13455,13599,13900,14035,14193,14447,14794,15538,16176,16740,17621
3,"2021-10-09",6360,7303,8324,8934,9859,10412,10569,10930,11362,11777,12262,12807,13207,13471,13732,14120,14319,14492,14811,16479,18105,18813,19433
4,"2021-10-16",5456,6266,7219,8295,9023,9809,10212,10598,10938,11221,11795,12463,13093,13591,13997,14183,14471,15014,15238,15692,16648,17996,19373
1,"2021-10-02",8575,9372,10050,10483,10771,11095,11731,12049,12474,12878,13225,13393,13801,14028,14248,14459,14744,14934,15337,15529,16475,17140,17590
2,"2021-10-09",7721,8292,8680,9419,10014,10506,10916,11357,11764,12157,12716,13139,13434,13700,13963,14754,14900,15071,15244,15742,16962,17579,18297
3,"2021-10-16",6347,7037,7582,8204,9514,9901,10096,10435,10754,11413,11806,12289,12587,12993,13316,14168,14204,14431,14906,15502,16761,17478,18291
4,"2021-10-23",4712,5299,5896,7178,7595,8513,9245,9512,9856,10133,10428,10965,11393,11840,12419,12961,13112,13449,14268,15754,17116,18544,19908
1,"2021-10-09",8002,8610,9225,9972,10563,10918,11157,11441,11595,11763,11862,11999,12270,12386,12584,12831,13041,13259,13722,14410,15111,15638,16307
2,"2021-10-16",7068,7993,8401,9047,9454,9723,10000,10237,10381,10550,10766,10940,11116,11451,11817,12288,12645,12993,13450,14109,15061,15507,16170
3,"2021-10-23",5860,6596,7081,7563,7995,8284,8638,8945,9224,9440,9737,9971,10329,10618,10786,11023,11397,12123,12839,13577,14617,15369,16459
4,"2021-10-30",4600,5089,5547,6235,6819,7221,7522,7841,7998,8196,8486,8774,9019,9468,9778,10069,10434,11372,12117,12649,14121,15096,16442
1,"2021-10-16",6751,7427,7950,8748,9132,9526,9771,9935,10038,10156,10283,10399,10648,11008,11468,11768,11923,12192,12421,12711,13809,14169,14712
2,"2021-10-23",5620,6256,6952,7810,8094,8298,8572,8673,8809,8971,9138,9399,9729,10107,10256,10446,10729,11181,11589,12344,13417,14328,15234
3,"2021-10-30",4545,5246,5853,6490,6940,7168,7361,7715,7826,7925,8174,8437,8586,8918,9217,9402,9717,10367,11151,11611,12512,13555,14992
4,"2021-11-06",3403,3853,4311,4874,5400,5732,5987,6385,6701,7076,7315,7400,7503,7683,8152,8933,9664,10215,10681,11314,12296,13103,14347
1,"2021-10-23",6459,6728,6996,7429,7998,8257,8448,8623,8797,9046,9264,9551,9991,10144,10372,10500,10693,11046,11637,11851,12409,13228,13677
2,"2021-10-30",5099,5506,6031,6750,6976,7114,7351,7822,7983,8163,8421,8800,9011,9306,9563,9770,10035,10332,10831,11132,11968,12651,13391
3,"2021-11-06",3920,4326,4680,5224,5830,6143,6265,6489,6993,7324,7645,7710,8176,8409,8605,8876,9169,9521,10023,10379,11082,12352,13274
4,"2021-11-13",3102,3598,3907,4525,4954,5226,5542,5697,6127,6418,6627,6698,6947,7602,7970,8164,8418,8821,9363,9927,10827,12278,13850
1,"2021-10-30",6451,6619,7276,7520,7732,8098,8401,8679,8957,9240,9510,9797,10020,10193,10342,10455,10602,10742,10917,11072,11515,11978,12685
2,"2021-11-06",5465,6039,6314,6498,6688,7213,7365,7712,8030,8327,8616,8813,8951,9091,9311,9513,9629,9880,10334,10490,11004,11174,11408
3,"2021-11-13",4699,4927,5292,5868,6064,6262,6341,6418,6568,6830,7092,7357,7646,7923,8312,8601,8974,9205,9473,9810,10305,10743,11503
4,"2021-11-20",3450,3774,4091,5035,5488,5610,5720,5806,5955,6156,6299,6439,6514,6697,7354,7936,8085,8298,8860,9418,10438,11374,12040
1,"2021-11-06",5113,5812,6085,6577,6769,7009,7383,7529,7763,7920,8186,8277,8387,8672,8987,9225,9333,9453,9838,10296,10521,11321,11616
2,"2021-11-13",3951,4725,5186,5655,5994,6373,6742,6854,7094,7411,7574,7695,7815,7937,8153,8672,8890,9055,9250,9584,9900,10331,10574
3,"2021-11-20",3414,4042,4646,5111,5395,5817,6061,6343,6510,6667,6820,6971,7122,7369,7703,8055,8451,8889,9431,9448,9913,11064,12075
4,"2021-11-27",2702,3240,3797,4509,4808,5130,5409,5660,5892,6113,6327,6537,6817,7241,7568,7686,7987,8754,9193,9430,10032,11256,11596
1,"2021-11-13",4848,5168,5623,5980,6231,6424,6701,6967,7195,7266,7392,7558,7749,7910,8282,8349,8563,8755,8928,9504,10124,10667,11266
2,"2021-11-20",4185,4519,4808,5437,5677,5938,6156,6383,6603,6748,6945,7095,7235,7438,7644,7858,7967,8182,8429,8741,9263,9920,10679
3,"2021-11-27",3309,3778,4244,4868,5168,5435,5686,6028,6220,6297,6434,6667,6918,7211,7473,7716,8155,8553,9021,9662,10784,11582,12378
4,"2021-12-04",2689,3118,3525,4253,4571,4776,5184,5697,5891,5996,6219,6387,6591,6794,7108,7438,7767,8152,8516,9026,9784,10614,11016
1,"2021-11-20",4530,4870,5478,5814,6069,6314,6645,6841,7030,7104,7196,7346,7375,7540,7910,8025,8166,8214,8414,8739,9347,9964,10691
2,"2021-11-27",3876,4341,4806,5373,5795,5960,6173,6439,6497,6605,6895,6985,7149,7262,7498,7773,8074,8406,8794,9282,10004,10631,11359
3,"2021-12-04",3103,3623,4093,4716,5263,5559,5917,6134,6319,6564,6713,6944,7028,7178,7365,7589,7928,8129,8520,9170,10341,11125,12035
4,"2021-12-11",2660,3255,3763,4254,4834,5377,5568,5936,6211,6359,6521,6756,7093,7191,7275,7417,7803,8437,8962,9343,10434,11511,12867
1,"2021-11-27",5037,5135,5479,5936,6199,6551,6804,6902,7038,7213,7319,7441,7600,7773,7893,8110,8271,8611,9001,9257,9747,10133,10608
2,"2021-12-04",4210,4654,5336,5827,6202,6499,6624,6864,7092,7277,7418,7564,7781,7935,8026,8105,8272,8766,9260,9710,10171,10720,11303
3,"2021-12-11",3863,4525,4970,5534,6029,6297,6541,6743,6935,7094,7229,7409,7688,7966,8180,8363,8556,8832,9344,10037,11019,11718,12447
4,"2021-12-18",3517,4371,4968,5650,6098,6504,6633,6830,7006,7209,7479,7744,8204,8465,8799,9248,9602,9895,10382,11210,12286,13079,14172
1,"2021-12-04",3430,3813,4415,4922,5162,5357,5601,5962,6207,6346,6527,6696,6882,6999,7067,7067,7248,7877,7994,8140,8480,8861,9270
2,"2021-12-11",3125,3400,3834,4206,4540,4974,5374,5680,5764,6281,6640,6917,7000,7097,7180,7382,7418,7788,8480,8962,9396,10324,11149
3,"2021-12-18",2728,3005,3504,4368,4590,5076,5493,5868,6130,6503,6724,7071,7112,7318,7451,7552,7708,8024,8556,9114,10204,11354,11844
4,"2021-12-25",2165,2388,3299,4014,4800,5274,5456,5770,6199,6607,6735,6869,7024,7135,7400,7853,8124,8261,8736,9607,11281,12159,13319
1,"2021-12-11",5168,5654,5988,6447,6741,6964,7137,7312,7540,7820,8059,8249,8448,8628,8641,9067,9410,9735,10017,10590,11435,12459,13468
2,"2021-12-18",4658,4962,5471,6283,6772,7001,7194,7257,7289,7663,8025,8269,8476,8910,9266,9896,10069,10446,10883,11702,12395,13070,13962
3,"2021-12-25",4005,4612,5167,6094,6333,6881,7184,7638,7961,8099,8386,8721,8886,9335,9701,10014,10245,10883,11388,12301,13146,14000,15511
4,"2022-01-01",4391,4840,5335,6013,6399,6978,7793,8161,8378,8578,8766,9064,9427,9848,10276,10297,10302,10989,11767,12773,14707,16398,17587
1,"2021-12-18",5353,5864,6348,6809,7266,7839,8103,8225,8422,8606,8788,8877,9043,9096,9336,9637,9903,10217,10649,11122,11866,12497,13194
2,"2021-12-25",5087,5535,5951,6702,7403,7859,8338,8709,8838,8948,9077,9249,9533,9891,10209,10365,10722,11247,11623,12024,13034,14091,15071
3,"2022-01-01",4798,5619,6504,7410,7769,8164,8648,9228,9619,9739,9879,9999,10120,10352,10654,11114,11558,12053,12777,13469,14478,15437,16446
4,"2022-01-08",3685,4310,5389,7048,8108,8640,9253,9345,10011,10198,10207,10307,10732,11255,11386,11941,12192,12587,13355,14283,15506,17173,19193
1,"2021-12-25",5439,5906,6453,6885,7385,7783,8082,8369,8623,8891,9084,9123,9598,9763,9865,9977,10163,10753,10947,11418,12095,13188,14353
2,"2022-01-01",4994,5792,6566,7305,7454,8160,8738,9061,9345,9596,9865,9985,10507,10780,10951,11351,11397,11659,12507,13050,13666,14553,15755
3,"2022-01-08",5165,5822,6311,6814,7626,8662,9256,9569,10080,10206,10431,10693,11314,11613,11933,12278,12657,13030,13743,14305,15047,15866,16865
4,"2022-01-15",4091,5195,5511,6421,6805,7696,8793,9520,10257,10564,10829,11147,11521,11917,12265,12636,13105,13586,14220,14958,16053,17002,18106
1,"2022-01-01",6523,6794,7241,8057,8442,8965,9240,9452,9689,9787,9974,10170,10240,10399,10503,10669,10794,10935,11598,12434,13140,14029,15347
2,"2022-01-08",5316,5949,7528,7707,8390,8636,8852,9037,9302,9522,9749,9982,10301,10599,11217,11749,11954,12182,12448,12890,14295,15884,16593
3,"2022-01-15",5362,6274,7100,8233,8646,9179,10384,10686,10967,11154,11163,11172,11205,11855,12484,12929,13165,13505,13831,14322,15833,17753,19286
4,"2022-01-22",6515,7155,7752,9500,10091,10486,10937,11315,11735,12130,12411,12676,13113,13575,14318,14769,16206,17045,17513,18121,20103,20737,21709
1,"2022-01-08",6450,6461,7026,7483,7751,8044,8296,8522,8799,9120,9229,9310,9742,10311,10833,11458,11897,12621,13614,14191,14553,15307,16007
2,"2022-01-15",5635,6188,7019,7360,8187,8700,9048,9377,9411,9729,10305,10591,11277,12211,13177,13715,14026,14929,15508,15845,19327,21660,23280
3,"2022-01-22",5291,6020,6744,7741,8479,9165,9170,9272,9565,9988,10728,11433,12129,12834,13916,14923,15465,16331,17347,18593,20023,21434,22979
4,"2022-01-29",5571,7145,7148,7197,8268,9301,10247,11127,11478,11818,12190,12510,13271,14739,15128,15978,16194,16555,18672,20264,23703,24290,24889
1,"2022-01-15",6889,7473,7945,8390,8511,9082,9385,9619,10020,10342,10606,10993,11355,11778,12149,12655,13278,13846,14101,14430,15573,16503,17580
2,"2022-01-22",6958,7417,7757,8347,9451,9930,10265,10901,11344,11660,12073,12490,12852,13631,14440,15293,15934,16238,16592,17037,18894,20770,21957
3,"2022-01-29",6275,7191,7942,8889,9575,10087,10607,11008,11427,11795,11797,12095,12873,13401,14125,15169,16296,16672,17689,19371,22838,24542,27558
4,"2022-02-05",5430,6841,7208,8262,9034,9584,10086,10537,10954,11350,11733,12315,13568,14840,16151,16369,16587,16867,18061,19801,23118,25028,27851
1,"2022-01-22",8342,8907,9766,10406,10887,11410,11701,11887,12216,12685,13258,13956,14398,15036,15728,16166,16573,17234,18018,19202,20832,21642,23450
2,"2022-01-29",9055,9636,10112,10661,11031,11326,11578,11860,13618,13760,13806,14066,14902,15729,15913,17101,17208,18063,19061,20325,21742,22430,25766
3,"2022-02-05",8277,8839,9322,9879,11122,12073,12651,13209,13858,14603,14813,14993,15173,15383,15669,16589,17659,18580,19766,20573,22777,23319,24210
4,"2022-02-12",7943,8513,9003,10092,10599,11219,11750,12438,13002,13680,14363,14538,15210,15998,16897,18022,19405,20519,21956,22893,23526,23776,26705
1,"2022-01-29",10938,11280,12236,12830,12849,13208,13623,13840,14033,14225,14829,15176,15343,15511,15768,16109,16780,17565,17779,17785,18569,19430,21282
2,"2022-02-05",10402,11025,11921,12511,13028,13372,14237,14689,15109,15280,15445,15971,16572,16770,17007,17493,17726,18450,19037,20263,21770,22962,24032
3,"2022-02-12",8916,10079,10572,12086,12642,13111,13418,13719,14308,14593,14800,15261,15586,15971,16381,17666,17911,18760,19900,20868,21534,22931,25636
4,"2022-02-19",6798,7708,10106,10625,11490,12316,12855,13646,14065,14454,14814,15235,15710,16118,16868,17965,18377,18891,19295,20506,22659,24009,24649
1,"2022-02-05",10079,10840,11504,12351,13389,13969,14746,15380,15908,16229,16560,16787,17010,17306,17813,18120,18349,18954,19775,20292,20823,22068,23100
2,"2022-02-12",8576,9421,10207,11168,12182,13302,14325,14862,15428,16113,16556,16922,17112,17382,17810,18139,18497,18903,19404,19951,21287,23034,24519
3,"2022-02-19",7267,8211,9351,10872,12045,13067,13638,14023,14313,14631,14993,15697,16283,16668,17001,17237,17619,17937,18568,19748,22030,23221,25184
4,"2022-02-26",6370,7362,8735,9406,10452,10920,11282,11608,12081,12797,13179,13693,13915,14152,14397,14752,15037,15462,16566,17090,17843,19121,22348
1,"2022-02-12",9984,11288,12155,12785,13280,13745,13905,14150,14612,15099,15543,15946,16114,16224,16416,16737,17118,17726,18207,18935,20070,20892,21951
2,"2022-02-19",7143,8717,10232,11277,11476,11949,13003,13532,13749,14146,14333,14549,14862,15064,15424,15846,16360,16803,17430,18037,19349,20574,21593
3,"2022-02-26",5558,6234,6969,9122,10628,11270,11568,11827,12255,12556,12917,13102,13316,13502,13870,14305,14551,15033,15606,16327,18589,20150,20824
4,"2022-03-05",3606,4703,6299,7316,8008,8822,9765,10539,11002,11253,11590,11708,11988,12510,12817,13198,13819,14488,15213,16044,17201,18942,20513
1,"2022-02-19",9867,10602,11759,12307,12727,13132,13638,14160,14360,14866,15119,15356,15565,15803,16219,16614,16809,17061,17533,18040,18651,19115,19857
2,"2022-02-26",7639,8069,8839,10424,10898,11316,11678,12078,12656,12838,13007,13356,13760,13976,14337,14768,15298,15812,16214,16995,18031,18601,19197
3,"2022-03-05",5615,6013,7081,8731,9133,9457,9938,10315,10582,11283,11937,12584,13140,13659,13814,13943,14296,15195,15915,16810,18191,19389,20514
4,"2022-03-12",3514,4594,5543,6544,6800,7152,7752,8723,9475,9944,10171,10302,10499,10958,11239,11755,12516,13316,14043,16135,17905,18666,19552
1,"2022-02-26",8887,9662,10172,10896,11196,11446,11671,12111,12384,12740,13034,13283,13419,13558,13909,14152,14279,14553,14994,15416,16135,16625,17513
2,"2022-03-05",5882,6097,6551,7535,8338,9191,9452,9940,10182,10357,10526,10693,10861,11030,11299,11809,12259,12688,13472,14687,15344,15914,16426
3,"2022-03-12",4487,4663,4851,5579,6255,6976,7388,7685,8542,9090,9302,9697,10134,10400,10850,11385,11693,12455,12703,14275,17159,18231,18295
4,"2022-03-19",2451,2970,3433,4350,4845,5665,5893,6301,6641,6942,7226,7789,8370,8989,9681,10357,11154,11521,12245,13254,15758,16204,16677
1,"2022-03-05",7471,8255,8681,9089,9315,9499,9661,9939,10452,10774,10993,11037,11163,11423,11466,11562,11678,12080,12547,13243,13988,14487,15074
2,"2022-03-12",4840,5496,5885,6661,7200,7488,7699,8203,8373,8601,9076,9359,9566,9687,9858,10038,10204,10450,10944,11469,13061,14029,14729
3,"2022-03-19",3250,3806,4306,5130,5634,5798,6010,6552,6930,7248,7635,7916,8153,8432,8766,8987,9231,9570,10089,10936,12437,13021,13722
4,"2022-03-26",2270,2538,3034,3742,4327,4608,4987,5426,5882,6209,6466,6902,7213,7452,7716,7977,8928,9284,9598,10384,12006,12482,13397
1,"2022-03-12",5340,5697,5887,6511,6689,7306,7491,7652,7765,8009,8246,8464,8716,9018,9204,9338,9564,9785,9918,10024,10244,10587,11064
2,"2022-03-19",3444,3791,4115,4554,5064,5559,5823,6068,6270,6490,6848,7102,7329,7575,7832,8096,8515,9198,9398,9847,10225,10596,11092
3,"2022-03-26",1599,1998,2484,3072,3617,3879,4108,4383,4780,5167,5439,5695,6089,6703,7051,7239,7597,8331,9420,10041,10518,10816,11088
4,"2022-04-02",841,1148,1635,2166,2428,2677,2968,3368,3739,4164,4370,4752,5244,5717,6597,7046,7464,8193,9089,10140,10468,10583,11241
1,"2022-03-19",4276,4702,4888,5267,5389,5878,5963,6342,6509,6879,6978,7064,7149,7353,8024,8302,8482,8728,8995,9159,9819,10392,11057
2,"2022-03-26",2991,3331,3592,3952,4263,4383,4907,5328,5407,5474,5553,5729,6052,6380,6728,7077,7463,8432,8620,9567,9956,10766,11987
3,"2022-04-02",1257,1964,2153,2655,3095,3295,3562,3784,4040,4278,4438,4791,5112,5398,6047,6485,6957,7366,8293,9195,10491,11003,12120
4,"2022-04-09",362,1252,1349,1971,2294,2606,2917,3193,3418,3461,3623,4080,4537,5001,5508,6317,7105,7914,8567,9683,11447,11692,12534
1,"2022-03-26",1809,2347,2699,3661,3794,4133,4193,4247,4317,4372,4417,4470,4519,4570,4798,4983,5050,5135,5545,5684,6388,7170,7728
2,"2022-04-02",1923,2107,2287,2669,2857,2936,3003,3064,3121,3467,3468,3540,3763,3851,3896,4158,4463,4803,5199,5697,6330,6458,7260
3,"2022-04-09",653,836,1216,1716,1837,2059,2128,2248,2523,2861,3212,3540,3788,3919,4229,4528,4868,5235,5665,6202,7101,7647,8303
4,"2022-04-16",429,528,996,1185,1294,1382,1457,1796,2262,2384,2667,3317,3581,3582,3736,4371,4558,4911,5599,6159,7225,7847,9193
1,"2022-04-02",2678,2817,2945,3424,3531,3930,4015,4055,4279,4397,4598,4796,4994,5183,5215,5235,5475,5582,5791,6044,6187,6664,7219
2,"2022-04-09",1974,2116,2422,2837,3152,3372,3775,3917,3974,4024,4082,4132,4316,4615,4908,5056,5220,5428,5658,5864,6332,7073,7754
3,"2022-04-16",948,1268,1351,1668,2265,2437,2702,2781,2876,3021,3178,3433,3584,4123,4482,4861,5270,5620,5620,6354,6745,7628,8615
4,"2022-04-23",936,979,1198,1489,1804,2054,2246,2428,2598,2771,2950,3178,3385,3818,4131,4455,5040,5173,5807,6198,7010,7965,9075
1,"2022-04-09",2120,2236,2727,3109,3296,3466,3734,3925,4063,4241,4351,4465,4617,4896,4940,5091,5276,5480,5659,5996,6337,6560,6910
2,"2022-04-16",1405,1499,1840,2348,2644,2839,2951,3248,3559,3800,3922,4039,4200,4412,4588,4727,4955,5293,5631,6181,6891,7480,8213
3,"2022-04-23",899,1209,1476,1852,2277,2481,2671,2981,3158,3271,3384,3494,3653,4310,4546,4700,4928,5321,5779,6355,7052,7699,8631
4,"2022-04-30",792,840,1162,1601,1902,2120,2349,2850,3094,3327,3450,3629,3770,4489,4660,4660,5211,5463,5756,6411,7669,8662,9665
1,"2022-04-16",1815,1936,2091,2351,2542,2828,2900,3054,3188,3261,3353,3405,3512,3626,3733,3903,4002,4107,4222,4560,4875,5180,5346
2,"2022-04-23",1612,1793,1968,2160,2264,2446,2570,2727,2859,3001,3138,3269,3509,3962,4118,4223,4307,4388,4503,4850,5116,5541,5958
3,"2022-04-30",933,1171,1556,1837,1973,2143,2290,2493,2718,2864,3072,3282,3450,3907,4287,4487,4715,5035,5340,5702,6201,6621,6963
4,"2022-05-07",830,1067,1276,1531,1670,1874,1986,2146,2459,2690,2915,3297,3623,4236,4624,4827,5076,5456,5561,5931,6995,7520,8130
1,"2022-04-23",1501,1638,2005,2257,2389,2452,2527,2595,2707,2783,2864,2904,2956,3027,3076,3142,3249,3400,3611,3780,4003,4196,4476
2,"2022-04-30",1382,1489,1663,1859,1982,2109,2174,2291,2396,2600,2712,2884,2971,3075,3211,3310,3376,3415,3535,3866,4232,4687,5454
3,"2022-05-07",1133,1272,1396,1549,1836,1944,2043,2122,2196,2459,2705,2927,3181,3274,3404,3591,3789,3944,4156,4397,4704,5129,6246
4,"2022-05-14",937,1116,1309,1523,1672,1794,1927,2092,2242,2464,2768,3001,3133,3465,3632,3674,3709,3740,3839,4136,4572,5470,6551
1,"2022-04-30",1293,1453,1527,1774,1938,2021,2100,2208,2281,2407,2515,2596,2653,2745,2889,2938,2996,3051,3222,3433,3810,4059,4211
2,"2022-05-07",975,1154,1303,1486,1664,1845,1993,2080,2174,2259,2380,2533,2658,2823,3008,3064,3122,3241,3351,3603,4047,4539,5183
3,"2022-05-14",880,1055,1230,1438,1693,1844,1967,2041,2119,2277,2374,2574,2735,2889,3090,3250,3435,3676,3912,4312,4999,5519,6499
4,"2022-05-21",774,989,1182,1392,1672,1787,1996,2164,2271,2372,2500,2672,2888,3029,3207,3547,3814,4152,4504,4981,5662,6176,7259
1,"2022-05-07",960,1077,1229,1404,1523,1634,1797,2006,2159,2262,2340,2372,2448,2534,2620,2770,2944,3092,3215,3299,3624,3803,4108
2,"2022-05-14",1140,1226,1343,1632,1880,2044,2088,2125,2231,2350,2494,2692,2898,3041,3123,3269,3355,3456,3651,3896,4259,4683,5473
3,"2022-05-21",965,1081,1269,1643,1833,2177,2361,2427,2488,2545,2600,2652,2904,3128,3372,3607,3790,3942,4209,4599,5242,5941,6750
4,"2022-05-28",709,938,1400,1864,2039,2293,2503,2603,2695,2782,2864,2905,3011,3231,3493,3777,4099,4537,5106,5676,6547,7420,8255
1,"2022-05-14",1839,1937,2244,2318,2338,2562,2636,2767,2875,2932,2938,2938,3121,3288,3492,3693,3768,3853,3951,4075,4129,4147,4421
2,"2022-05-21",1878,1956,2087,2255,2339,2455,2836,2974,3052,3258,3324,3400,3507,3574,3659,3774,4113,4225,4357,4521,4766,5114,5570
3,"2022-05-28",1745,1925,2042,2239,2430,2635,2793,2915,2933,3141,3374,3443,3517,3596,3779,4045,4266,4669,5093,5398,6150,6496,7645
4,"2022-06-04",1446,1641,1897,2197,2400,2645,2823,2994,3224,3391,3557,3740,3789,4098,4349,4832,5077,5373,5732,6508,7492,8408,8986
1,"2022-05-21",1234,1407,1584,1843,2014,2095,2210,2326,2372,2466,2532,2633,2693,2771,2887,3067,3231,3361,3644,3983,4518,4802,5328
2,"2022-05-28",1173,1407,1687,2026,2173,2225,2334,2439,2514,2609,2691,2885,3031,3111,3202,3399,3722,4010,4385,4792,5354,5939,6164
3,"2022-06-04",1038,1326,1707,2073,2247,2352,2525,2566,2680,2771,2858,2944,3053,3166,3288,3480,3941,4287,4929,5727,6498,7099,7460
4,"2022-06-11",1186,1502,1754,2326,2523,2595,2770,2857,2961,3102,3239,3371,3505,3650,3808,3971,4261,4810,5223,5966,7695,8336,8923
1,"2022-05-28",1028,1232,1408,1611,1748,1856,1950,2063,2231,2270,2504,2596,2642,2679,2827,3061,3225,3374,3477,3626,3780,4078,4182
2,"2022-06-04",996,1119,1407,1910,2233,2234,2293,2441,2704,2822,2898,2934,3009,3095,3195,3382,3571,3816,4102,4394,4828,5121,5232
3,"2022-06-11",1178,1342,1536,2165,2334,2762,2875,3063,3178,3255,3330,3404,3477,3552,3671,3915,4251,4457,4759,5136,5702,6245,7114
4,"2022-06-18",1399,1608,1885,2437,2755,3009,3199,3347,3485,3775,3957,4171,4319,4440,4560,4692,4793,5133,5820,6710,7560,8292,8866
1,"2022-06-04",1224,1413,1534,1741,1893,2038,2208,2384,2515,2634,2719,2818,2893,2989,3076,3195,3278,3472,3625,3930,4176,4442,4762
2,"2022-06-11",1098,1382,1741,2084,2283,2432,2603,2723,2898,2980,3073,3182,3301,3419,3536,3661,3828,4015,4250,4494,4835,5254,5573
3,"2022-06-18",1185,1467,1918,2326,2520,2720,2890,3047,3148,3304,3420,3526,3637,3751,3871,4027,4294,4435,4606,5161,6003,6646,7243
4,"2022-06-25",1319,1648,1957,2394,2659,2913,3080,3231,3390,3517,3626,3755,3899,4036,4189,4354,4666,4851,5146,5574,6807,7433,8191
1,"2022-06-11",978,1142,1325,1545,1697,1795,1875,2073,2121,2130,2207,2312,2395,2512,2601,2789,2864,2984,3253,3464,3694,3896,4154
2,"2022-06-18",941,1051,1387,1641,1771,1882,1991,2092,2151,2269,2410,2513,2620,2726,2847,2970,3401,3639,3877,4085,4462,4712,4931
3,"2022-06-25",728,1065,1246,1585,1833,1973,2071,2143,2219,2304,2391,2478,2593,2723,2893,3136,3522,3775,4293,4640,5065,5331,5616
4,"2022-07-02",665,1061,1363,1643,1852,2059,2168,2325,2470,2599,2759,2914,3010,3089,3250,3494,3755,4270,4836,5042,5376,5757,6125
1,"2022-06-18",1067,1231,1431,1664,1838,1954,2067,2278,2328,2493,2619,2693,2767,2956,3029,3082,3181,3576,3704,3886,4091,4321,4537
2,"2022-06-25",1064,1442,1741,1994,2149,2256,2369,2470,2564,2654,2873,2908,3065,3168,3440,3621,3721,3826,4230,4430,4604,4931,5344
3,"2022-07-02",1126,1486,1759,1942,2139,2296,2431,2553,2665,2772,2875,2978,3258,3471,3682,3818,3916,4031,4349,4472,4884,5114,5408
4,"2022-07-09",1028,1403,1620,1946,2168,2345,2497,2633,2707,2798,2996,3111,3243,3476,3609,3752,3868,4038,4320,4528,4979,5619,5970
1,"2022-06-25",1059,1223,1380,1638,1813,1940,2029,2111,2160,2192,2278,2398,2474,2551,2623,2771,2897,3061,3365,3526,3727,3936,4160
2,"2022-07-02",709,1013,1244,1520,1726,1840,1938,2026,2095,2144,2223,2343,2431,2553,2685,2747,2819,3062,3539,3884,4274,4599,4916
3,"2022-07-09",512,785,1051,1323,1527,1694,1834,1928,2016,2094,2175,2318,2512,2676,2818,2911,3025,3163,3531,3850,4141,4475,4818
4,"2022-07-16",483,899,1140,1438,1703,1834,1939,2042,2131,2220,2289,2347,2549,2788,2930,3047,3177,3319,3489,3910,4327,4647,5003
1,"2022-07-02",1137,1282,1462,1713,1910,2058,2238,2277,2353,2430,2542,2619,2702,2767,2836,2907,3049,3130,3230,3488,3854,4122,4341
2,"2022-07-09",1139,1349,1603,1846,1994,2083,2161,2233,2296,2344,2426,2568,2696,2760,2850,2942,3034,3245,3425,3584,4052,4262,4485
3,"2022-07-16",813,1105,1383,1670,1813,1936,2038,2127,2211,2294,2374,2545,2664,2768,2868,2975,3095,3260,3416,3657,4177,4472,4887
4,"2022-07-23",235,512,842,1231,1506,1693,1869,2000,2107,2209,2332,2441,2676,2807,2934,3088,3230,3406,3571,3758,4318,4739,5251
1,"2022-07-09",1549,1717,1865,2036,2149,2221,2282,2383,2432,2490,2585,2628,2658,2694,2727,2796,2882,3018,3166,3493,3842,4068,4274
2,"2022-07-16",1283,1443,1731,1972,2135,2247,2323,2387,2456,2528,2606,2675,2759,2840,2936,3033,3210,3299,3409,3803,4335,4582,4836
3,"2022-07-23",1162,1552,1760,2035,2207,2330,2411,2461,2507,2553,2624,2791,2828,2888,2979,3171,3260,3353,3485,3747,4409,4684,5056
4,"2022-07-30",1239,1494,1800,2134,2224,2307,2376,2437,2496,2551,2611,2688,2802,2936,3136,3374,3661,3894,4073,4362,5009,5210,5505
1,"2022-07-16",1302,1721,1987,2137,2237,2318,2389,2450,2564,2659,2816,2934,3080,3298,3433,3562,3689,3868,4012,4184,4452,4623,4970
2,"2022-07-23",1324,1717,1880,2032,2130,2211,2290,2344,2390,2478,2652,2870,3038,3232,3418,3562,3715,3902,4105,4378,4742,5041,5512
3,"2022-07-30",906,1108,1295,1637,1830,2007,2255,2347,2411,2469,2660,3011,3215,3357,3438,3515,3765,4009,4308,4603,4881,5045,5760
4,"2022-08-06",629,852,1077,1364,1588,1771,1908,2018,2175,2397,2597,2838,3036,3201,3447,3716,3996,4292,4590,4842,5156,5407,5999
1,"2022-07-23",1467,1623,1802,2137,2339,2543,2687,2771,2842,2854,2862,3064,3135,3206,3280,3473,3633,3728,3983,4336,4627,4906,5416
2,"2022-07-30",1815,1943,2265,2363,2540,2697,2765,2795,2839,2875,2961,3378,3480,3583,3690,3810,4072,4172,4433,4698,5018,5381,5732
3,"2022-08-06",1396,2029,2195,2400,2512,2610,2692,2758,2846,2912,3324,3516,3611,3707,3897,4218,4369,4536,4731,4973,5304,5643,5987
4,"2022-08-13",1312,1802,2067,2289,2442,2562,2628,2730,2897,3311,3725,3926,4023,4221,4417,4579,4800,4956,5195,5497,5934,6264,6626
1,"2022-07-30",1668,1918,2112,2381,2471,2681,2786,2893,2976,3045,3188,3365,3511,3591,3673,3760,3951,4108,4329,4494,4761,5031,5400
2,"2022-08-06",1706,2184,2269,2515,2607,2679,2832,2976,3100,3177,3385,3540,3685,3836,3996,4168,4375,4511,4629,4838,5156,5428,5732
3,"2022-08-13",1956,2122,2266,2486,2705,2797,2952,3070,3290,3432,3617,3727,3853,3951,4071,4380,4531,4645,4787,4962,5420,5658,6080
4,"2022-08-20",1758,2010,2250,2462,2576,2843,2965,3089,3209,3333,3447,3555,3695,3872,4066,4171,4312,4525,4839,5235,5600,5995,6529
1,"2022-08-06",1914,2085,2302,2447,2514,2599,2854,2860,2878,2893,2972,3129,3305,3434,3513,3637,3825,3911,4243,4566,4880,4881,4885
2,"2022-08-13",1827,2256,2358,2525,2629,2693,2828,2949,3061,3168,3271,3373,3475,3578,3685,3857,4030,4181,4298,4567,5009,5177,5222
3,"2022-08-20",1820,1974,2258,2459,2559,2656,2812,2953,3083,3207,3326,3444,3562,3682,3872,4022,4149,4285,4432,4642,5002,5265,5578
4,"2022-08-27",1436,1784,2085,2454,2557,2633,2803,2956,3098,3233,3364,3492,3602,3678,3848,3974,4109,4259,4435,4656,5010,5383,5809
1,"2022-08-13",2043,2207,2361,2474,2707,2993,3117,3235,3327,3494,3557,3688,3817,3910,4000,4160,4296,4392,4503,4642,4931,5194,5428
2,"2022-08-20",1975,2187,2366,2631,2828,2937,3069,3151,3342,3483,3591,3656,3722,3832,3941,4039,4165,4324,4494,4715,5012,5385,5598
3,"2022-08-27",1764,2120,2299,2712,2890,2995,3128,3296,3471,3618,3733,3847,3961,4069,4180,4302,4432,4559,4687,4834,5024,5547,5815
4,"2022-09-03",1519,1819,2075,2442,2655,2816,2974,3084,3262,3346,3588,3726,3864,3984,4112,4239,4345,4580,4759,4979,5342,5897,6321
1,"2022-08-20",1902,2072,2309,2500,2598,2714,2814,2964,3097,3269,3282,3381,3486,3580,3678,3774,3866,4028,4160,4329,4530,4724,4989
2,"2022-08-27",1921,2061,2217,2460,2581,2714,2836,2933,3052,3127,3217,3313,3417,3562,3739,3853,3976,4107,4272,4368,4584,4801,5017
3,"2022-09-03",1803,1987,2172,2400,2558,2683,2772,2910,3106,3186,3278,3335,3413,3544,3678,3782,3893,4018,4163,4345,4610,4849,5021
4,"2022-09-10",1691,1834,2002,2221,2363,2529,2693,2840,2977,3106,3213,3294,3428,3526,3734,3871,3988,3988,4166,4409,4678,4990,5380
1,"2022-08-27",1634,1771,2078,2414,2600,2762,2841,2946,3020,3111,3228,3262,3348,3477,3590,3695,3818,3921,4149,4327,4496,4910,5065
2,"2022-09-03",1694,2023,2179,2377,2527,2649,2762,2867,2959,3060,3153,3251,3353,3453,3577,3707,3879,4062,4240,4508,4849,5115,5252
3,"2022-09-10",1740,2028,2328,2458,2552,2624,2688,2818,2890,3093,3166,3241,3314,3395,3584,3782,3988,4142,4196,4232,4405,5189,5308
4,"2022-09-17",1559,1864,2049,2205,2364,2537,2694,2780,2821,3035,3114,3243,3279,3407,3578,3815,3950,4051,4101,4294,4685,5097,5421
1,"2022-09-03",1706,1938,2103,2329,2498,2675,2781,2870,2977,3102,3197,3290,3373,3446,3527,3619,3669,3786,3934,4103,4339,4540,4832
2,"2022-09-10",1636,1861,2133,2402,2554,2651,2737,2833,2934,3032,3143,3249,3359,3459,3545,3635,3749,3905,4076,4314,4714,5045,5333
3,"2022-09-17",1550,1865,2144,2361,2486,2578,2669,2779,2885,3006,3094,3236,3315,3397,3479,3569,3667,3788,3947,4155,4464,4721,5017
4,"2022-09-24",1380,1665,1941,2215,2355,2485,2587,2680,2808,2909,3011,3119,3196,3310,3465,3661,3886,4160,4520,4804,5183,5501,5832
1,"2022-09-10",1693,1860,2108,2316,2455,2584,2748,2852,2963,3091,3163,3240,3326,3394,3471,3552,3637,3723,3824,3974,4243,4507,4690
2,"2022-09-17",1618,1795,2070,2232,2393,2549,2667,2761,2912,3057,3156,3246,3328,3414,3532,3654,3795,3950,4136,4365,4710,4980,5266
3,"2022-09-24",1369,1786,1977,2220,2381,2499,2568,2628,2759,2872,2983,3107,3234,3368,3517,3663,3829,4022,4207,4457,4841,5090,5458
4,"2022-10-01",1364,1730,1883,2128,2256,2331,2406,2519,2621,2777,2928,3083,3285,3448,3630,3823,4043,4258,4471,4761,5074,5292,5533
1,"2022-09-17",1375,1576,1762,1986,2136,2267,2397,2490,2644,2717,2780,2839,2874,2925,3032,3145,3202,3307,3415,3612,3852,4036,4254
2,"2022-09-24",1381,1572,1835,2013,2165,2256,2319,2357,2469,2526,2572,2685,2789,2886,2978,3043,3156,3289,3460,3689,4051,4446,4691
3,"2022-10-01",1307,1617,1829,1921,1972,2056,2184,2292,2393,2455,2511,2634,2732,2862,3025,3178,3336,3514,3774,4040,4421,4801,5092
4,"2022-10-08",882,1325,1549,1767,1827,1927,2060,2153,2199,2236,2330,2491,2582,2653,2729,2898,3071,3275,3547,3878,4396,4805,5243
1,"2022-09-24",1359,1569,1725,1912,2098,2223,2407,2482,2589,2671,2768,2873,2976,3052,3052,3052,3083,3173,3285,3436,3633,4101,4185
2,"2022-10-01",949,1194,1485,1825,1976,2116,2262,2333,2390,2497,2591,2636,2740,2823,2918,3022,3117,3272,3409,3580,3857,4098,4378
3,"2022-10-08",931,1161,1470,1830,2073,2128,2252,2318,2418,2601,2708,2843,2957,3064,3100,3139,3205,3318,3504,3873,4434,4732,4997
4,"2022-10-15",787,1146,1455,1738,1932,2027,2080,2135,2191,2270,2564,2661,2757,2861,2977,3101,3264,3561,3760,4162,4602,4960,5222
1,"2022-10-01",1539,1678,1829,2061,2180,2313,2388,2437,2575,2730,2765,2826,2866,3002,3058,3182,3291,3375,3458,3558,3720,3855,4012
2,"2022-10-08",1276,1448,1627,2040,2109,2176,2249,2360,2469,2566,2669,2738,2841,2970,3098,3219,3305,3401,3513,3696,3938,4071,4251
3,"2022-10-15",909,1131,1395,1792,1976,2076,2117,2200,2428,2498,2577,2718,2811,2942,3064,3202,3344,3528,3735,3831,3969,4119,4407
4,"2022-10-22",724,944,1180,1514,1783,1883,2035,2138,2316,2408,2511,2650,2794,2929,3062,3205,3349,3523,3713,3905,4335,4691,5143
1,"2022-10-08",1384,1470,1699,1857,1964,2155,2240,2318,2442,2589,2692,2837,2935,3023,3114,3203,3296,3399,3520,3687,3949,4100,4439
2,"2022-10-15",1096,1288,1533,1905,1988,2099,2227,2261,2400,2646,2760,2853,2898,3022,3159,3263,3375,3499,3642,3820,4098,4322,4959
3,"2022-10-22",882,1184,1660,1783,1856,1947,2087,2118,2228,2482,2744,2859,2920,2966,3014,3156,3309,3455,3594,3803,4178,4469,4992
4,"2022-10-29",665,999,1289,1659,1782,1815,1944,1985,2113,2342,2680,2767,2856,2945,3033,3083,3138,3299,3487,3724,4075,4380,4916
1,"2022-10-15",1147,1268,1515,1769,1936,2019,2106,2281,2428,2589,2701,2792,2880,2974,3082,3158,3263,3401,3530,3747,3991,4301,4544
2,"2022-10-22",1013,1221,1419,1763,1891,2053,2181,2280,2424,2548,2650,2751,2852,2955,3062,3174,3295,3430,3587,3788,4099,4325,4781
3,"2022-10-29",853,991,1398,1609,1743,1890,2056,2203,2291,2426,2542,2671,2733,2815,2917,3026,3145,3282,3449,3689,4058,4346,4702
4,"2022-11-05",732,902,1306,1521,1662,1790,1939,2068,2165,2281,2425,2601,2667,2736,2809,2891,3015,3180,3377,3722,4182,4548,5032
1,"2022-10-22",1295,1424,1559,1698,1837,1923,2006,2082,2176,2295,2374,2461,2545,2605,2693,2833,2959,3119,3237,3443,3724,4051,4170
2,"2022-10-29",922,1163,1370,1672,1762,1827,1944,1997,2101,2206,2257,2343,2466,2593,2726,2834,2955,3107,3269,3517,3822,4078,4338
3,"2022-11-05",830,1143,1359,1502,1649,1724,1793,1877,1950,2057,2138,2302,2426,2544,2672,2827,2993,3196,3344,3615,4010,4342,4700
4,"2022-11-12",551,832,1078,1310,1445,1591,1658,1725,1818,1933,2052,2154,2256,2386,2521,2715,2898,3114,3371,3673,4089,4433,4858
1,"2022-10-29",1282,1432,1550,1734,1842,1952,2051,2128,2196,2326,2387,2502,2592,2629,2680,2744,2806,2995,3070,3309,3553,3738,3919
2,"2022-11-05",1057,1249,1428,1581,1747,1830,1909,2029,2116,2219,2336,2433,2521,2633,2739,2859,3001,3147,3291,3468,3762,3999,4302
3,"2022-11-12",883,1059,1273,1499,1678,1748,1843,1926,1966,2150,2295,2400,2500,2638,2794,2937,3104,3294,3559,3897,4303,4495,4790
4,"2022-11-19",547,833,1115,1283,1528,1650,1700,1737,1847,2032,2231,2363,2488,2629,2747,2897,3101,3289,3519,3827,4272,4691,5106
1,"2022-11-05",1124,1376,1491,1682,1803,1920,1947,1975,2134,2161,2247,2301,2426,2574,2636,2694,2776,2920,3014,3306,3570,3842,4054
2,"2022-11-12",1060,1211,1317,1486,1665,1741,1851,1896,1991,2094,2231,2345,2416,2524,2657,2795,2905,3033,3192,3361,3622,3878,4137
3,"2022-11-19",906,1049,1144,1293,1399,1544,1680,1803,1901,2007,2131,2239,2352,2459,2586,2706,2846,3022,3097,3245,3609,3924,4291
4,"2022-11-26",817,909,993,1195,1387,1403,1543,1724,1837,2014,2116,2260,2401,2535,2692,2852,2945,3081,3333,3631,4035,4386,4742
1,"2022-11-12",912,1075,1284,1501,1614,1722,1866,1961,2023,2108,2197,2257,2327,2374,2454,2557,2642,2753,2861,3078,3518,3802,3921
2,"2022-11-19",860,1050,1267,1523,1623,1716,1859,1887,1933,2042,2129,2204,2325,2427,2543,2654,2768,2899,3062,3394,3696,4093,4995
3,"2022-11-26",693,965,1154,1418,1537,1611,1746,1788,1885,1971,2149,2234,2403,2492,2582,2678,2782,2934,3154,3497,4156,4666,5260
4,"2022-12-03",656,881,1115,1358,1430,1504,1651,1760,1853,1941,2181,2274,2458,2594,2728,2854,2987,3197,3491,3866,4492,5027,5626
1,"2022-11-19",753,1048,1139,1271,1371,1462,1622,1892,2088,2110,2220,2277,2382,2437,2493,2587,2725,2866,3013,3193,3415,3580,3787
2,"2022-11-26",744,1028,1327,1638,1764,1818,1911,1976,2036,2084,2239,2284,2423,2528,2603,2684,2917,3043,3174,3350,3593,3832,4724
3,"2022-12-03",747,1045,1311,1598,1761,1831,1877,1918,1999,2077,2245,2309,2422,2620,2708,3011,3272,3414,3578,3785,4092,4359,5058
4,"2022-12-10",727,929,1081,1510,1741,1781,1905,1946,1985,2095,2221,2352,2492,2632,2841,3030,3234,3374,3556,3866,4372,5153,5512
1,"2022-11-26",1021,1176,1362,1511,1644,1785,1845,1933,2013,2105,2231,2290,2349,2408,2493,2607,2729,2858,2943,3091,3373,3565,3795
2,"2022-12-03",919,1079,1360,1564,1655,1728,1792,1868,1937,2004,2240,2359,2423,2460,2499,2606,2730,2864,3007,3250,3605,3919,4202
3,"2022-12-10",842,1129,1297,1506,1653,1725,1796,1865,1920,1979,2197,2370,2508,2588,2654,2722,2852,3033,3242,3557,3776,3953,4236
4,"2022-12-17",702,965,1124,1390,1509,1618,1712,1782,1836,1942,2070,2229,2358,2500,2641,2769,2866,2999,3168,3387,3728,4006,4338
1,"2022-12-03",971,1197,1427,1568,1630,1750,1808,1832,1865,1981,2047,2185,2332,2443,2523,2621,2713,2808,2927,3058,3333,3535,3747
2,"2022-12-10",921,1186,1414,1573,1576,1719,1842,1876,1892,2020,2243,2339,2389,2470,2614,2754,2851,2964,3115,3313,3672,3975,4171
3,"2022-12-17",912,1175,1392,1488,1526,1700,1857,1893,1932,2015,2325,2409,2514,2653,2774,2869,2979,3183,3322,3645,4000,4205,4702
4,"2022-12-24",862,935,1172,1283,1424,1626,1828,1954,1987,2055,2345,2483,2604,2742,2892,3008,3187,3462,3730,4066,4460,4588,5043
1,"2022-12-10",918,992,1182,1401,1564,1710,1756,1833,1911,2000,2073,2174,2217,2295,2381,2476,2546,2650,2721,2900,3141,3372,3665
2,"2022-12-17",876,941,1014,1219,1397,1522,1634,1733,1841,2014,2070,2190,2311,2451,2574,2732,2895,3059,3147,3265,3545,3732,3941
3,"2022-12-24",901,963,1034,1255,1451,1642,1819,1896,1962,2065,2223,2243,2398,2588,2621,2716,2877,3100,3355,3675,4104,4308,4561
4,"2022-12-31",879,1035,1174,1377,1531,1657,1777,1877,1981,2097,2227,2357,2482,2763,2912,3129,3381,3633,3885,4324,4717,5003,5331
1,"2022-12-17",935,1005,1075,1213,1611,1921,2140,2360,2505,2577,2670,2767,2854,2917,3007,3117,3254,3451,3665,4016,4409,4717,5074
2,"2022-12-24",1139,1289,1432,1639,1799,1973,2123,2246,2360,2478,2772,2929,3066,3207,3380,3555,3733,3940,4175,4517,5013,5404,6017
3,"2022-12-31",1027,1199,1382,1629,1808,1964,2076,2159,2240,2401,2696,3028,3232,3427,3635,3814,3987,4173,4387,4715,5202,5715,6110
4,"2023-01-07",912,1133,1328,1592,1774,1942,2102,2164,2225,2388,2650,3049,3395,3656,3904,4170,4433,4692,5009,5408,5787,6104,6495
1,"2022-12-24",1522,1748,1927,2170,2195,2244,2536,2602,2619,2701,2723,2809,2895,3047,3194,3281,3454,3623,3816,3958,4337,4716,5157
2,"2022-12-31",1546,1827,2078,2290,2290,2335,2530,2561,2590,2779,2813,2908,2994,3144,3227,3425,3653,3912,4127,4382,4734,5006,5266
3,"2023-01-07",1452,1714,1935,2165,2236,2402,2583,2654,2661,2828,3043,3153,3275,3365,3510,3631,3778,3980,4298,4566,4964,5282,5792
4,"2023-01-14",1284,1571,1667,1965,2126,2141,2515,2530,2583,2757,2876,3029,3149,3482,3566,3645,3811,4004,4301,5313,5745,6093,6483
1,"2022-12-31",1357,1510,1666,1861,2019,2146,2265,2382,2503,2612,2714,2820,2943,3002,3054,3153,3310,3494,3750,4023,4338,4610,4916
2,"2023-01-07",1364,1548,1719,1928,2085,2216,2332,2442,2554,2661,2759,2869,2989,3097,3256,3428,3512,3636,3806,4060,4425,4728,5018
3,"2023-01-14",1222,1486,1683,1923,2104,2241,2356,2482,2598,2711,2818,2918,3089,3292,3509,3731,3974,4126,4300,4532,4872,5148,5450
4,"2023-01-21",990,1310,1521,1772,1951,2102,2240,2368,2498,2606,2737,2904,3136,3381,3642,3926,4200,4387,4595,4875,5253,5593,5989
1,"2023-01-07",1745,1860,1917,2007,2113,2138,2195,2274,2412,2636,2721,2798,2864,2978,3097,3229,3394,3559,3698,4025,4387,4652,4879
2,"2023-01-14",1560,1707,1783,1880,1958,2027,2096,2171,2251,2506,2773,2849,2904,3021,3158,3259,3409,3664,3802,3992,4282,4712,5394
3,"2023-01-21",1356,1462,1558,1689,1789,1878,1959,2045,2166,2412,2569,2659,2733,2877,3099,3342,3528,3661,3812,4022,4568,5246,5638
4,"2023-01-28",1145,1274,1383,1539,1652,1753,1849,1981,2126,2352,2454,2545,2703,2942,3197,3437,3573,3750,4012,4412,5077,5564,5914
1,"2023-01-14",1859,2034,2240,2381,2426,2712,2852,2944,3015,3107,3168,3204,3208,3312,3489,3495,3503,3704,3808,3893,4079,4248,4491
2,"2023-01-21",1914,2094,2218,2428,2548,2644,2726,2800,2935,3160,3294,3335,3340,3446,3634,3641,3786,3873,4038,4085,4448,4678,5016
3,"2023-01-28",1938,2120,2276,2457,2578,2675,2838,2841,2902,2986,3030,3093,3156,3219,3321,3354,3428,3635,3876,4121,4527,4794,5169
4,"2023-02-04",1358,1648,1991,2393,2428,2579,2754,2757,2759,2864,3115,3178,3242,3412,3586,3712,3811,4098,4283,4457,5163,5440,5713
1,"2023-01-21",1995,2169,2192,2238,2847,3072,3125,3179,3237,3291,3354,3411,3462,3567,3773,3980,4147,4259,4390,4511,4763,5001,5232
2,"2023-01-28",1855,2148,2431,2749,2867,2945,3018,3147,3267,3380,3491,3599,3708,3818,3963,4249,4496,4781,4856,4896,5012,5277,5572
3,"2023-02-04",1638,1863,2123,2252,2481,2663,2779,2851,3091,3215,3335,3388,3484,3692,3816,3946,4087,4243,4426,4655,4992,5279,5601
4,"2023-02-11",1150,1545,1830,2096,2335,2432,2505,2571,2944,3102,3227,3351,3474,3599,3729,3865,4012,4175,4366,4605,4957,5257,5593
1,"2023-01-28",2276,2606,2735,2958,3085,3242,3361,3424,3534,3585,3655,3746,3894,4019,4171,4335,4490,4642,4843,5053,5360,5600,6006
2,"2023-02-04",1963,2088,2272,2500,2641,2784,2925,3202,3409,3546,3673,3866,4138,4286,4449,4542,4691,4857,5076,5314,5737,6222,6907
3,"2023-02-11",1772,1944,2113,2281,2395,2535,2794,2961,3190,3383,3532,3681,3885,4069,4233,4346,4539,4823,5036,5272,5720,6171,6875
4,"2023-02-18",1158,1508,1752,2043,2213,2520,2802,3041,3147,3303,3430,3591,3757,3921,4087,4266,4472,4695,4964,5340,5902,6381,7018
1,"2023-02-04",1943,2166,2354,2573,2668,2722,2785,3034,3104,3200,3385,3575,3749,3894,3936,3986,4056,4144,4449,4752,4955,5206,5379
2,"2023-02-11",1773,1894,2131,2261,2376,2517,2690,2888,3192,3260,3410,3573,3692,3765,3920,4097,4212,4337,4468,4642,4916,5092,5355
3,"2023-02-18",1216,1462,1750,1960,2216,2465,2666,2802,2938,3090,3272,3467,3589,3755,3806,3861,3981,4107,4287,4539,4921,5275,5731
4,"2023-02-25",793,1059,1445,1671,1995,2195,2468,2690,2921,3111,3287,3387,3657,3707,3759,3813,3990,4162,4372,4686,5188,5630,6262
1,"2023-02-11",1860,2093,2335,2612,2783,2941,3043,3204,3310,3428,3534,3693,3890,4028,4126,4263,4421,4623,4852,5191,5535,5806,6205
2,"2023-02-18",1630,1946,2154,2364,2545,2697,2874,3086,3188,3351,3542,3744,3904,4097,4253,4456,4702,4940,5227,5531,5967,6395,7363
3,"2023-02-25",1301,1519,1768,2118,2253,2475,2684,2878,3101,3354,3562,3750,3904,4017,4141,4395,4659,4986,5317,5787,6464,7074,7491
4,"2023-03-04",951,1273,1532,1885,2112,2398,2642,2822,2979,3252,3382,3475,3586,3708,3925,4140,4359,4685,4926,5485,6100,6550,7585
1,"2023-02-18",1666,1927,2100,2224,2329,2506,2760,2880,2960,2988,3092,3213,3256,3312,3425,3551,3690,3805,4001,4385,4681,4867,5066
2,"2023-02-25",1315,1641,1816,1973,2085,2329,2530,2682,2797,2904,3079,3210,3251,3292,3340,3488,3628,3734,3882,4127,4510,4815,5307
3,"2023-03-04",1037,1441,1619,1784,1927,2139,2344,2482,2620,2761,2892,2974,3112,3288,3481,3592,3730,3940,4091,4308,4634,5109,5688
1,"2023-02-25",1353,1531,1647,1851,1964,2172,2230,2450,2688,2759,2880,2948,2987,3112,3224,3292,3382,3513,3757,3757,3971,4159,4501
2,"2023-03-04",1132,1406,1515,1659,1799,1976,2194,2450,2569,2703,2821,2862,2938,3019,3179,3276,3345,3462,3606,3806,4056,4559,4870
1,"2023-03-04",1012,1165,1320,1429,1544,1632,1739,1886,2027,2148,2230,2289,2354,2471,2590,2694,2793,2891,3063,3417,3634,3792,4038
